variant,value,N,D,Q,L_total,L_classic,L_quality,L_recipe,s_train,s_attn,s_quality,regime_Q,beyond_B1,C_FLOPs,g_type
delta,-0.2285239529866762,186068643.84854305,5652373469.253561,0.6675117551232451,3.0547716900512025,3.0806339172249304,0.13574635311144223,-0.16160858028517025,0.6310376795696968,0.1723153557011652,0.19664696472913812,interior,False,1e+19,exp
delta,0.0,258783377.7594443,4013256292.653326,0.7118274365734747,2.676772656173772,3.0909517364445622,0.11932667026268934,-0.5335057505334797,0.6231384115363037,0.17015832891017996,0.20670325955351648,interior,False,1e+19,exp
delta,-0.5,220514956.08915356,4731245592.201333,0.6905442092144893,3.175789955771238,3.0844439366451892,0.12727294681529103,-0.03592692768924212,0.625986248406767,0.17093597823160783,0.20307777336162514,interior,False,1e+19,exp
Q0,0.3,207655012.71063572,4611749336.184925,0.6938537533798106,3.0708661883769177,3.1024268172765734,0.12604468448399636,-0.1576053133836523,0.574591720214248,0.15690184573317065,0.26850643405258146,interior,False,1e+19,exp
Q0,0.7,145548044.70188573,8994794117.316704,0.7,2.9913279538782436,3.042108385016242,0.12015824559438101,-0.17093867673237909,0.7855048177628823,0.21449518223711772,0.0,floor,False,1e+19,exp
recipe,enet_trust_region,134053411.02847548,8071388907.382264,0.6212882920308461,2.9141474130769587,3.08208621591892,0.15236347283121895,-0.3203022756731802,0.6491983288631954,0.17727442366824323,0.17352724746856155,interior,False,1e+19,exp
recipe,mean_zero,258783338.37477082,4013257007.368005,0.7118274033022347,3.2102784067072214,3.0909517235438257,0.11932668316339577,0.0,0.6231384276735806,0.17015833331673244,0.20670323900968698,interior,False,1e+19,exp
Lctx_crit,30000,155850541.146267,4247229744.0858965,0.7045026428594633,3.136968787124407,3.1831824639476545,0.12207416198432983,-0.16828783880757728,0.39715983239298486,0.39715983239298486,0.2056803352140304,interior,False,1e+19,exp
delta,-0.2285239529866762,141687399.06692323,9239880927.259508,0.5,3.071389035748727,3.0433392218874067,0.20004187002650572,-0.1719920561651852,0.7855048177628823,0.21449518223711778,0.0,floor,False,1e+19,pow
delta,0.0,210272403.20744848,5784942959.181256,0.5430940169048043,2.7030193634162236,3.050160454992096,0.18636465895760754,-0.5335057505334797,0.7298483150670309,0.1992972465676372,0.07085443836533194,interior,False,1e+19,pow
delta,-0.5,163042307.64705023,8029662454.88587,0.5,3.197376464182382,3.0379552046724156,0.2012032329017911,-0.04178197339182473,0.7855048177628824,0.21449518223711775,0.0,floor,False,1e+19,pow
Q0,0.3,193250376.16431803,5205347018.84767,0.5582128763191189,3.111198569909733,3.090430482140639,0.18098407346113915,-0.16021598569204484,0.6035611616748741,0.16481243454801897,0.23162640377710694,interior,False,1e+19,pow
Q0,0.7,145548023.55204433,8994795424.366188,0.7,2.991327953878248,3.042108391412621,0.12015824487440441,-0.17093868240877716,0.7855048177628824,0.21449518223711775,0.0,floor,False,1e+19,pow
recipe,enet_trust_region,106855166.61241609,12251861447.37479,0.5,2.922436280773052,3.0620465414266738,0.19772799790983858,-0.3373382585634602,0.7855048177628824,0.21449518223711772,0.0,floor,False,1e+19,pow
recipe,mean_zero,210272526.09252992,5784938559.180456,0.5430941343119418,3.236525113949682,3.050160497035615,0.18636461691406692,0.0,0.729848186477373,0.19929721145408796,0.07085460206853908,interior,False,1e+19,pow
Lctx_crit,30000,124939294.27801591,6313463659.347981,0.5308780842109039,3.161919938402207,3.148269263257137,0.19065877912224066,-0.1770081039771704,0.47327981642930195,0.47327981642930195,0.05344036714139587,interior,False,1e+19,pow
delta,-0.2285239529866762,258847513.5433881,3135334400.61394,1.0,3.0011767830124505,3.1510419672366847,0.0,-0.14986518422423428,0.48694410823558043,0.1329682044888625,0.380087687275557,ceiling,False,1e+19,log
delta,0.0,324638238.38283294,2708567610.1183624,1.0,2.613658399606514,3.147164150139994,0.0,-0.5335057505334797,0.527582770493775,0.1440652685295002,0.3283519609767247,ceiling,False,1e+19,log
delta,-0.5,292834988.2885884,2899338687.8427453,1.0,3.116791439895584,3.147967958864782,0.0,-0.031176518969198236,0.5094166864194489,0.13910471650493755,0.35147859707561346,ceiling,False,1e+19,log
Q0,0.3,305015533.91500264,2297249113.446267,1.0,3.0582061778824254,3.202554596583459,0.0,-0.14434841870103388,0.42041799892414783,0.11480214157288729,0.46477985950296485,ceiling,False,1e+19,log
Q0,0.7,145548092.0569169,8994791190.801147,0.7,2.9913279538782436,3.0421083706946006,0.12015824720642652,-0.17093866402278354,0.7855048177628824,0.21449518223711775,0.0,floor,False,1e+19,log
recipe,enet_trust_region,209748050.5499912,3553141167.439722,1.0,2.8724379817154984,3.161592766180533,0.0,-0.2891547844650347,0.447158659919641,0.12210412473538995,0.4307372153449692,ceiling,False,1e+19,log
recipe,mean_zero,324638238.38283294,2708567610.1183624,1.0,3.147164150139994,3.147164150139994,0.0,0.0,0.527582770493775,0.1440652685295002,0.3283519609767247,ceiling,False,1e+19,log
Lctx_crit,30000,197694640.83863154,2789705864.7956867,1.0,3.0753687572652337,3.2347544282799006,0.0,-0.159385671014667,0.3309059393917244,0.3309059393917244,0.3381881212165513,ceiling,False,1e+19,log
delta,-0.2285239529866762,670608601.277383,12532233930.530111,0.9538165396199759,2.604208125803867,2.706527174793031,0.018246494656989666,-0.12056554364615338,0.5042534320220255,0.1376948038374811,0.3580517641404934,interior,False,1e+20,exp
delta,0.0,934850184.4283496,9253583832.913689,0.9929294474068631,2.186697072568317,2.7173741828301115,0.002828640271684988,-0.5335057505334797,0.5190428731693534,0.14173330723344477,0.3392238195972019,interior,False,1e+20,exp
delta,-0.5,836239799.892271,10245127455.76516,0.9798120094112998,2.702267810149041,2.712674281695286,0.008042564874424351,-0.01844903642066914,0.5140430000087921,0.1403680085357342,0.3455889914554737,interior,False,1e+20,exp
Q0,0.3,687771547.2709453,11955161382.83839,0.9599016061536555,2.607178262099895,2.7111763532141993,0.015873187770598218,-0.11987127888490264,0.49334519052891684,0.1347161266937629,0.37193868277732023,interior,False,1e+20,exp
Q0,0.7,605496771.0684624,15159248902.268587,0.9292282108400143,2.593479651475911,2.6891498978688517,0.027742470009897238,-0.12341271640283802,0.5507325757288057,0.15038670867901255,0.2988807155921817,interior,False,1e+20,exp
recipe,enet_trust_region,486332475.1653579,16809322362.889694,0.9158619394350078,2.499349783881533,2.705105179075956,0.03284181400316501,-0.23859720919758806,0.4904951610357929,0.13393787864017384,0.37556696032403325,interior,False,1e+20,exp
recipe,mean_zero,934850396.3367038,9253582752.730558,0.9929294320118548,2.720202823101785,2.7173741766575685,0.002828646444216504,0.0,0.5190429302354789,0.14173332281630147,0.33922374694821966,interior,False,1e+20,exp
Lctx_crit,30000,541358312.8228686,10088401850.898748,0.9817992241322442,2.6560461789952567,2.7754019431232124,0.00725550168906144,-0.1266112658170172,0.3276864123048991,0.3276864123048991,0.3446271753902019,interior,False,1e+20,exp
delta,-0.2285239529866762,784251749.1455965,9365112290.439457,1.0,2.621106156607911,2.7374348079855135,0.0,-0.11632865137760284,0.44067634168332404,0.12033401970232635,0.4389896386143496,ceiling,False,1e+20,pow
delta,0.0,1005705694.421174,8084412666.440256,1.0,2.20061943186247,2.7341251823959496,0.0,-0.5335057505334797,0.487832391281378,0.13321076497923495,0.378956843739387,ceiling,False,1e+20,pow
delta,-0.5,926716284.7523116,8498971438.299384,1.0,2.716958359962735,2.7344836699127137,0.0,-0.017525309949978737,0.47256811413100885,0.1290425996987075,0.39838928617028363,ceiling,False,1e+20,pow
Q0,0.3,798986249.9974836,9039567166.477139,1.0,2.6257739811681247,2.7416088601189585,0.0,-0.11583487895083387,0.4333493923166369,0.11833327406192966,0.4483173336214337,ceiling,False,1e+20,pow
Q0,0.7,733438174.9299672,10636267753.503521,1.0,2.604960203984767,2.7230833237581247,0.0,-0.11812311977335754,0.46806268855176514,0.12781231815386865,0.4041249932943663,ceiling,False,1e+20,pow
recipe,enet_trust_region,619528809.615654,10616039358.854143,1.0,2.520897675698959,2.74665457910921,0.0,-0.22575690341025062,0.3946165336094303,0.10775662144428177,0.497626844946288,ceiling,False,1e+20,pow
recipe,mean_zero,1005705694.421174,8084412666.440256,1.0,2.7341251823959496,2.7341251823959496,0.0,0.0,0.487832391281378,0.13321076497923495,0.378956843739387,ceiling,False,1e+20,pow
Lctx_crit,30000,594795132.4754839,8456629876.638589,1.0,2.670627117599993,2.7945437773784207,0.0,-0.12391665977842795,0.30179773726628306,0.30179773726628306,0.3964045254674339,ceiling,False,1e+20,pow
delta,-0.2285239529866762,547357262.9197799,18541849232.17834,1.0,2.5457485673866485,2.6720413749340883,0.0,-0.12629280754743966,0.6089409507117817,0.16628147560769715,0.22477757368052126,ceiling,False,1e+20,log
delta,0.0,727306141.9708511,14776010074.732822,1.0,2.134449294400898,2.6679550449343776,0.0,-0.5335057505334797,0.6448009728705814,0.17607365232519345,0.17912537480422522,ceiling,False,1e+20,log
delta,-0.5,655912475.9496571,16070986283.275684,1.0,2.6476611335122504,2.6684924232348686,0.0,-0.020831289722617958,0.6324696242409799,0.17270637205940356,0.1948240036996166,ceiling,False,1e+20,log
Q0,0.3,614404950.4974099,14889211024.75027,1.0,2.566991769990176,2.689993271420835,0.0,-0.12300150143065924,0.5488802977564309,0.14988091330735606,0.30123878893621303,ceiling,False,1e+20,log
Q0,0.7,490916865.01210296,22796039862.390392,1.0,2.528175099905777,2.657648135414095,0.0,-0.1294730355083179,0.6714576254361373,0.18335269558576126,0.14518967897810153,ceiling,False,1e+20,log
recipe,enet_trust_region,420016736.19513315,22621734905.30345,1.0,2.436587621922659,2.6833135093848397,0.0,-0.2467258874621809,0.5700904357198245,0.1556726949805601,0.27423686929961544,ceiling,False,1e+20,log
recipe,mean_zero,727306141.9708511,14776010074.732822,1.0,2.6679550449343776,2.6679550449343776,0.0,0.0,0.6448009728705814,0.17607365232519345,0.17912537480422522,ceiling,False,1e+20,log
Lctx_crit,30000,429008300.75987697,15722352768.399403,1.0,2.601916858046413,2.7354403366285016,0.0,-0.1335234785820883,0.40470119070710253,0.40470119070710253,0.19059761858579505,ceiling,False,1e+20,log
delta,-0.2285239529866762,1526871580.201956,64531581457.04181,1.0,2.282818876450703,2.3827185270926683,0.0,-0.09989965064196546,0.591188626513468,0.1614339076132777,0.24737746587325427,ceiling,False,1e+21,exp
delta,0.0,2098222145.721298,50351218369.07979,1.0,1.8455989193413043,2.379104669874784,0.0,-0.5335057505334797,0.6338882486763133,0.17309375110521197,0.19301800021847462,ceiling,False,1e+21,exp
delta,-0.5,1926546585.8501852,53910779580.04898,1.0,2.367208958613522,2.3793638014395846,0.0,-0.012154842826062318,0.6231697700427914,0.17016689187301828,0.20666333808419035,ceiling,False,1e+21,exp
Q0,0.3,1538808131.417836,63581588422.12515,1.0,2.2837931242053875,2.383515154137468,0.0,-0.09972202993208089,0.5870391916345699,0.16030083526234656,0.25265997310308347,ceiling,False,1e+21,exp
Q0,0.7,1486185766.014595,67937062655.69837,1.0,2.279506623581014,2.380024758437994,0.0,-0.10051813485697976,0.6058025730224438,0.16542448927332865,0.2287729377042277,ceiling,False,1e+21,exp
recipe,enet_trust_region,1130369620.5542645,80207590878.32005,1.0,2.1961263780901947,2.392896864532662,0.0,-0.196770486442467,0.54398534440019,0.14854426471087853,0.30747039088893136,ceiling,False,1e+21,exp
recipe,mean_zero,2098221871.7077634,50351223675.41187,1.0,2.3791046698747853,2.3791046698747853,0.0,0.0,0.6338882326979937,0.17309374674206549,0.19301802055994086,ceiling,False,1e+21,exp
Lctx_crit,30000,1193458041.7383075,55081460045.04035,1.0,2.3213226068815587,2.4270080009920596,0.0,-0.10568539411050094,0.3944244686486441,0.3944244686486441,0.21115106270271178,ceiling,False,1e+21,exp
delta,-0.2285239529866762,1597500227.8272674,59207171893.68711,1.0,2.288594501452587,2.387467139250599,0.0,-0.0988726377980122,0.56750082353504,0.1549655582133016,0.27753361825165834,ceiling,False,1e+21,pow
delta,0.0,2181344125.931773,46839550573.30059,1.0,1.8504540975995867,2.3839598481330664,0.0,-0.5335057505334797,0.6130390710261208,0.1674005356615327,0.2195603933123465,ceiling,False,1e+21,pow
delta,-0.5,2008263506.14001,49931543939.890015,1.0,2.3723007121882986,2.3842056945623296,0.0,-0.011904982374030738,0.601654184998245,0.16429170278352076,0.23405411221823447,ceiling,False,1e+21,pow
Q0,0.3,1619052939.3901813,57715147444.44196,1.0,2.2903621059556993,2.388932407186519,0.0,-0.09857030123081952,0.5606632747035688,0.1530984515457212,0.2862382737507099,ceiling,False,1e+21,pow
Q0,0.7,1523964892.2385337,64766195773.08237,1.0,2.2825817728197912,2.382524934542217,0.0,-0.0999431617224257,0.5922084513721515,0.1617123877880222,0.24607916083982645,ceiling,False,1e+21,pow
recipe,enet_trust_region,1189194152.9312763,72616153546.96175,1.0,2.2028480410391094,2.397350480962798,0.0,-0.19450243992368846,0.51812823123844,0.14148354901017668,0.34038821975138317,ceiling,False,1e+21,pow
recipe,mean_zero,2181344125.931773,46839550573.30059,1.0,2.3839598481330664,2.3839598481330664,0.0,0.0,0.6130390710261208,0.1674005356615327,0.2195603933123465,ceiling,False,1e+21,pow
Lctx_crit,30000,1242315666.1413782,51032676851.78613,1.0,2.3264943892673333,2.431215197529741,0.0,-0.10472080826240755,0.38039216362862627,0.38039216362862627,0.2392156727427475,ceiling,False,1e+21,pow
delta,-0.2285239529866762,1270013932.3807328,91632605062.96838,1.0,2.2622180510625873,2.366412485235083,0.0,-0.10419443417249576,0.6982481105418668,0.19066828405196573,0.11108360540616746,ceiling,False,1e+21,log
delta,0.0,1803831704.4994655,66708204981.85016,1.0,1.8287529462467185,2.362258696780198,0.0,-0.5335057505334797,0.721982250579063,0.1971492865581228,0.08086846286281418,ceiling,False,1e+21,log
delta,-0.5,1634823922.0973701,72994242380.63823,1.0,2.3493878881495194,2.3625827124895813,0.0,-0.013194824340062122,0.7159964017154464,0.19551475076176456,0.08848884752278911,ceiling,False,1e+21,log
Q0,0.3,1357907449.5579014,80674815231.044,1.0,2.2691689881327215,2.371782187653702,0.0,-0.10261319952098054,0.6572935955636514,0.17948497116191442,0.16322143327443409,ceiling,False,1e+21,log
Q0,0.7,1200774646.4710743,101948183690.97954,1.0,2.2568512255180666,2.362389110795287,0.0,-0.10553788527722041,0.7345007653794247,0.20056767566627487,0.06493155895430043,ceiling,False,1e+21,log
recipe,enet_trust_region,910841099.5677404,122404410466.11499,1.0,2.171471147745716,2.378194931801486,0.0,-0.20672378405576983,0.6689458069253833,0.182666801677758,0.1483873913968588,ceiling,False,1e+21,log
recipe,mean_zero,1803831704.4994655,66708204981.85016,1.0,2.362258696780198,2.362258696780198,0.0,0.0,0.721982250579063,0.1971492865581228,0.08086846286281418,ceiling,False,1e+21,log
Lctx_crit,30000,1018924724.2525111,74408259213.79878,1.0,2.30323620929393,2.412809973420605,0.0,-0.10957376412667556,0.45489849000917576,0.45489849000917576,0.09020301998164856,ceiling,False,1e+21,log
delta,-0.2285239529866762,3474452811.1303983,329243114099.9227,1.0,2.083665672910977,2.166452596397345,0.0,-0.08278692348636779,0.6863637979978818,0.18742307443995493,0.12621312756216344,ceiling,True,1e+22,exp
delta,0.0,5153003382.527121,231512920063.61563,1.0,1.6292425803970616,2.1627483309305413,0.0,-0.5335057505334797,0.7157921161119253,0.1954589671729631,0.08874891671511172,ceiling,False,1e+22,exp
delta,-0.5,4747965162.625548,249374757235.32764,1.0,2.155164042279725,2.162906615891784,0.0,-0.007742573612058629,0.7104135958749234,0.19399027258024576,0.09559613154483079,ceiling,False,1e+22,exp
Q0,0.3,3489917590.516155,326464754484.0525,1.0,2.0839814117659214,2.166684357221962,0.0,-0.08270294545604032,0.6836010536144594,0.18666866104032173,0.12973028534521866,ceiling,True,1e+22,exp
Q0,0.7,3422350802.2637258,338883005777.43604,1.0,2.082603247878629,2.165676515524116,0.0,-0.08307326764548716,0.6958659160175706,0.1900177861338646,0.11411629784856475,ceiling,True,1e+22,exp
recipe,enet_trust_region,2378106497.4803996,454579315827.05927,1.0,2.0111877343473723,2.177201556790714,0.0,-0.16601382244334165,0.6486228147531145,0.17711726994858384,0.1742599152983017,ceiling,True,1e+22,exp
recipe,mean_zero,5153003382.527121,231512920063.61563,1.0,2.1627483309305413,2.1627483309305413,0.0,0.0,0.7157921161119253,0.1954589671729631,0.08874891671511172,ceiling,False,1e+22,exp
Lctx_crit,30000,2782660639.9394894,268634069198.8711,1.0,2.1118778805004266,2.1989737248613417,0.0,-0.08709584436091498,0.4485104705438878,0.4485104705438878,0.1029790589122244,ceiling,False,1e+22,exp
delta,-0.2285239529866762,3566729852.9829073,313169308293.3268,1.0,2.085558073034291,2.1678505762146765,0.0,-0.08229250318038565,0.6701941925566898,0.1830076941808134,0.14679811326249692,ceiling,True,1e+22,pow
delta,0.0,5258512760.852697,222944940991.96082,1.0,1.6307177249777371,2.164223475511217,0.0,-0.5335057505334797,0.7034152903042665,0.19207926860575172,0.10450544108998164,ceiling,False,1e+22,pow
delta,-0.5,4853206690.477869,239473728790.8485,1.0,2.1567186994127465,2.1643768642693355,0.0,-0.0076581648565888435,0.6973293016568572,0.19041738797243246,0.11225331037071024,ceiling,False,1e+22,pow
Q0,0.3,3595299557.8654046,308434104594.0731,1.0,2.086146839158021,2.168289443553631,0.0,-0.08214260439560955,0.6653477999266099,0.1816843058999596,0.15296789417343054,ceiling,True,1e+22,pow
Q0,0.7,3470722502.038821,329921213802.6319,1.0,2.083589050917491,2.1663962997720785,0.0,-0.08280724885458748,0.6870389883868533,0.18760744642883673,0.12535356518430998,ceiling,True,1e+22,pow
recipe,enet_trust_region,2456313027.6636205,426442843434.5299,1.0,2.0135629106136523,2.1783537008971976,0.0,-0.16479079028354546,0.6284862671292921,0.171618650010772,0.1998950828599359,ceiling,True,1e+22,pow
recipe,mean_zero,5258512760.852697,222944940991.96082,1.0,2.164223475511217,2.164223475511217,0.0,0.0,0.7034152903042665,0.19207926860575172,0.10450544108998164,ceiling,False,1e+22,pow
Lctx_crit,30000,2844614803.4839396,257580081833.79172,1.0,2.113517195381091,2.200175863275504,0.0,-0.08665866789441293,0.43962966832020506,0.43962966832020506,0.12074066335958987,ceiling,False,1e+22,pow
delta,-0.2285239529866762,3161170431.035093,394344223227.8951,1.0,2.077367575396264,2.1619616658845913,0.0,-0.08459409048832715,0.7479535788705144,0.20424119060357512,0.04780523052591044,ceiling,True,1e+22,log
delta,0.0,4803648255.879544,263821207590.90887,1.0,1.6244374359065565,2.1579431864400362,0.0,-0.5335057505334797,0.7603825702248628,0.20763513384273585,0.03198229593240133,ceiling,False,1e+22,log
delta,-0.5,4397441005.971959,287342408957.79565,1.0,2.150075453890681,2.158120695554352,0.0,-0.008045241663670892,0.7581427751434651,0.2070235204658422,0.034833704390692756,ceiling,False,1e+22,log
Q0,0.3,3263753933.2831187,371015389318.1852,1.0,2.0794054766878647,2.163384440774031,0.0,-0.08397896408616608,0.7265417617174766,0.19839433706631898,0.07506390121620447,ceiling,True,1e+22,log
Q0,0.7,3084483025.7453403,413267155051.5917,1.0,2.075864260408003,2.160934440797956,0.0,-0.08507018038995309,0.7648293149128214,0.20884939159219443,0.026321293494984303,ceiling,True,1e+22,log
recipe,enet_trust_region,2104812438.803591,578380007050.3065,1.0,2.003080193034546,2.1737906436974597,0.0,-0.17071045066291388,0.7304288599168763,0.19945577401463505,0.07011536606848849,ceiling,True,1e+22,log
recipe,mean_zero,4803648255.879544,263821207590.90887,1.0,2.1579431864400362,2.1579431864400362,0.0,0.0,0.7603825702248628,0.20763513384273585,0.03198229593240133,ceiling,False,1e+22,log
Lctx_crit,30000,2575580787.908378,311339859515.4883,1.0,2.1064984857332294,2.1951471969925054,0.0,-0.08864871125927619,0.48112857640691103,0.48112857640691103,0.03774284718617795,ceiling,True,1e+22,log
delta,-0.2285239529866762,8504551685.967445,1453602459523.2124,1.0,1.9548915025414721,2.0223628879085256,0.0,-0.06747138536705342,0.7417342348718737,0.202542895069013,0.0557228700591132,ceiling,True,1e+23,exp
delta,0.0,13643322486.919825,925526689278.2435,1.0,1.4852408600490223,2.018746610582502,0.0,-0.5335057505334797,0.7576355455244592,0.20688501296454567,0.03547944151099535,ceiling,True,1e+23,exp
delta,-0.5,12670443973.436075,993884116078.6575,1.0,2.0140945719516417,2.018834188296645,0.0,-0.004739616345003273,0.7555771805317602,0.20632294209720595,0.03809987737103387,ceiling,True,1e+23,exp
Q0,0.3,8522369999.3267975,1447784302628.381,1.0,1.9549836442184492,2.0224227663359136,0.0,-0.06743912211746449,0.7403132103729831,0.20215486064584925,0.05753192898116761,ceiling,True,1e+23,exp
Q0,0.7,8444939312.542414,1473334507645.1047,1.0,1.9545836516875956,2.022163582598531,0.0,-0.06757993091093543,0.7465332302482481,0.20385334073978828,0.049613429011963764,ceiling,True,1e+23,exp
recipe,enet_trust_region,5326912195.795133,2246054422799.331,1.0,1.8952373805601792,2.0333092011086897,0.0,-0.13807182054851042,0.7178720818337613,0.19602693647940578,0.08610098168683308,ceiling,True,1e+23,exp
recipe,mean_zero,13643325791.095793,925526473084.3823,1.0,2.0187466105825007,2.0187466105825007,0.0,0.0,0.7576355520344448,0.20688501474220575,0.035479433223349476,ceiling,True,1e+23,exp
Lctx_crit,30000,6927595391.258157,1149893475594.2688,1.0,1.9749558711496351,2.0456647590756036,0.0,-0.07070888792596856,0.4779598045178809,0.4779598045178809,0.04408039096423824,ceiling,True,1e+23,exp
delta,-0.2285239529866762,8611913139.944479,1419068991322.0637,1.0,1.955448123515913,2.0227263569832923,0.0,-0.06727823346737934,0.7332539335712543,0.20022720746052386,0.06651885896822174,ceiling,True,1e+23,pow
delta,0.0,13762719776.220974,910641825346.9592,1.0,1.4856441414612767,2.0191498919947564,0.0,-0.5335057505334797,0.7519744955253937,0.20533916891146753,0.042686335563138715,ceiling,True,1e+23,pow
delta,-0.5,12790569759.853788,976686607360.5366,1.0,2.0145188961583256,2.0192362033621403,0.0,-0.004717307203814732,0.7495426910975922,0.20467512418238257,0.04578218472002516,ceiling,True,1e+23,pow
Q0,0.3,8645594921.496326,1408490137022.299,1.0,1.9556233991099352,2.0228416451637568,0.0,-0.06721824605382148,0.7306341105370593,0.19951182111731966,0.06985406834562093,ceiling,True,1e+23,pow
Q0,0.7,8500243373.560713,1455016160535.633,1.0,1.9548691867411636,2.0223483855483853,0.0,-0.06747919880722165,0.7420794886210059,0.2026371723594427,0.05528333901955138,ceiling,True,1e+23,pow
recipe,enet_trust_region,5419986103.433785,2169784704851.5933,1.0,1.8959959323387552,2.0335222925528464,0.0,-0.1375263602140912,0.705612176864329,0.19267916509575278,0.10170865803991845,ceiling,True,1e+23,pow
recipe,mean_zero,13762715636.254278,910642087584.3147,1.0,2.019149891994761,2.019149891994761,0.0,0.0,0.7519744858696732,0.2053391662748121,0.042686347855514756,ceiling,True,1e+23,pow
Lctx_crit,30000,6997893315.8837595,1127876114946.9468,1.0,1.9754268506948383,2.04597278254489,0.0,-0.07054593185005176,0.47356540355593096,0.47356540355593096,0.05286919288813814,ceiling,True,1e+23,pow
delta,-0.2285239529866762,8158517654.184914,1574052243475.3972,1.0,1.953118945514508,2.0212338634625353,0.0,-0.06811491794802739,0.770515981020204,0.2104022305505837,0.01908178842921237,ceiling,True,1e+23,log
delta,0.0,13264601287.967411,975299543426.708,1.0,1.483972444988518,2.017478195521998,0.0,-0.5335057505334797,0.7762175747935165,0.21195914575694955,0.011823279449534197,ceiling,True,1e+23,log
delta,-0.5,12288386573.981577,1051791434367.9222,1.0,2.012757375597438,2.0175701075307315,0.0,-0.004812731933293381,0.7754891844429362,0.21176024663188445,0.012750568925179513,ceiling,True,1e+23,log
Q0,0.3,8268465402.287908,1534188282356.937,1.0,1.9536783085631815,2.021585173088075,0.0,-0.06790686452489346,0.7611229639958308,0.20783731070179487,0.031039725302374383,ceiling,True,1e+23,log
Q0,0.7,8078796395.206767,1603952502167.3103,1.0,1.9527156571141258,2.020983597381822,0.0,-0.06826794026769614,0.7774803415555286,0.21230396526742965,0.010215693177041804,ceiling,True,1e+23,log
recipe,enet_trust_region,5020202066.0677,2527896406870.9473,1.0,1.8927797888678404,2.0327354708754344,0.0,-0.13995568200759398,0.7614330458747189,0.20792198372685658,0.030644970398424717,ceiling,True,1e+23,log
recipe,mean_zero,13264614295.704575,975298598322.3381,1.0,2.017478195521961,2.017478195521961,0.0,0.0,0.7762175837932271,0.2119591482144706,0.011823267992302263,ceiling,True,1e+23,log
Lctx_crit,30000,6703208655.94591,1224728110835.175,1.0,1.973467266117268,2.0447102085880857,0.0,-0.07124294247081757,0.49257648442383767,0.49257648442383767,0.014847031152324674,ceiling,True,1e+23,log
delta,-0.2285239529866762,21650840192.732635,5909773934382.525,1.0,1.868867657650869,1.9233654959508104,0.0,-0.054497838299941585,0.7677094261709573,0.20963585397308274,0.02265471985596024,ceiling,True,1e+24,exp
delta,0.0,37575952715.23264,3438155948966.278,1.0,1.3864557433155158,1.9199614938489955,0.0,-0.5335057505334797,0.7751519121957161,0.21166814882357687,0.013179938980706957,ceiling,True,1e+24,exp
delta,-0.5,35238171935.91336,3663048141787.4385,1.0,1.9171650451667142,1.920007099784464,0.0,-0.002842054617749864,0.7744747213790023,0.21148323058455956,0.01404204803643826,ceiling,True,1e+24,exp
Q0,0.3,21669294882.954075,5899964909274.225,1.0,1.868892977653968,1.9233802059460874,0.0,-0.05448722829211937,0.7670884765088674,0.20946629331868805,0.02344523017244459,ceiling,True,1e+24,exp
Q0,0.7,21587415885.134537,5943156956230.05,1.0,1.8687833712401203,1.923317758453073,0.0,-0.054534387212952624,0.7697844053086105,0.2102024616096046,0.02001313308178511,ceiling,True,1e+24,exp
recipe,enet_trust_region,12326315484.114037,10205460332073.646,1.0,1.8201750810987078,1.934158211481972,0.0,-0.11398313038326416,0.7547743422825058,0.2061037137326096,0.039121943984884465,ceiling,True,1e+24,exp
recipe,mean_zero,37575915639.51262,3438159296643.3467,1.0,1.9199614938490186,1.9199614938490186,0.0,0.0,0.7751519021152586,0.21166814607093998,0.013179951813801253,ceiling,True,1e+24,exp
Lctx_crit,30000,17806351793.891716,4597497082015.538,1.0,1.8828743494825964,1.939862021359128,0.0,-0.05698767187653169,0.49118790248255584,0.49118790248255584,0.017624195034888282,ceiling,True,1e+24,exp
delta,-0.2285239529866762,21765007251.96648,5850097178002.916,1.0,1.869021255526981,1.9234536341922566,0.0,-0.0544323786652757,0.7639644450236527,0.20861322445445873,0.02742233052188867,ceiling,True,1e+24,pow
delta,0.0,37701544849.92718,3416852831772.1846,1.0,1.3865598793011134,1.920065629834593,0.0,-0.5335057505334797,0.7729237816959581,0.21105972065510964,0.016016497648932117,ceiling,True,1e+24,pow
delta,-0.5,35365063183.470215,3638745378863.3164,1.0,1.9172740255981295,1.9201109769317966,0.0,-0.002836951333666963,0.7721067613923687,0.21083661964420947,0.017056618963421796,ceiling,True,1e+24,pow
Q0,0.3,21801485333.400547,5831312982647.968,1.0,1.8690699379584157,1.9234814901648276,0.0,-0.05441155220641187,0.7627877067940073,0.20829189646855029,0.028920396737442598,ceiling,True,1e+24,pow
Q0,0.7,21646032451.051884,5912242656952.4375,1.0,1.8688615317899802,1.9233621359908413,0.0,-0.05450060420086101,0.7678595784653142,0.2096768555595951,0.022463565975090787,ceiling,True,1e+24,pow
recipe,enet_trust_region,12426475185.483366,10039567133117.586,1.0,1.8204022027769438,1.9341747265521394,0.0,-0.11377252377519563,0.7485385911160803,0.204400937947431,0.047060470936488685,ceiling,True,1e+24,pow
recipe,mean_zero,37701544849.92718,3416852831772.1846,1.0,1.920065629834593,1.920065629834593,0.0,0.0,0.7729237816959581,0.21105972065510964,0.016016497648932117,ceiling,True,1e+24,pow
Lctx_crit,30000,17880272301.910885,4560987452138.862,1.0,1.8830026414404637,1.9399363874452087,0.0,-0.056933746004744885,0.48931018565904955,0.48931018565904955,0.021379628681900915,ceiling,True,1e+24,pow
delta,-0.2285239529866762,21291090514.30272,6103436001997.168,1.0,1.868389039394732,1.9230959525187052,0.0,-0.05470691312397326,0.7796928502006537,0.2129081276281252,0.007399022171221099,ceiling,True,1e+24,log
delta,0.0,37184509244.52777,3505789830935.5835,1.0,1.3861331834900779,1.9196389340235576,0.0,-0.5335057505334797,0.782166446266774,0.2135835842605804,0.0042499694726455635,ceiling,True,1e+24,log
delta,-0.5,34843224431.500565,3740292672023.2207,1.0,1.9168272587255,1.9196853752824514,0.0,-0.0028581165569514467,0.7819431420648121,0.21352260732649803,0.004534250608689917,ceiling,True,1e+24,log
Q0,0.3,21403897368.007523,6041758283769.424,1.0,1.868538305503767,1.9231791947030816,0.0,-0.05464088919931456,0.7759030453686602,0.21187325825533548,0.012223696376004317,ceiling,True,1e+24,log
Q0,0.7,21210769657.60106,6148048055906.901,1.0,1.868282466344946,1.9230366523875577,0.0,-0.0547541860426118,0.7824289869462198,0.21365527536878112,0.003915737684999217,ceiling,True,1e+24,log
recipe,enet_trust_region,12006748318.086998,10761410936661.375,1.0,1.8194605124660266,1.9341299156212322,0.0,-0.11466940315520564,0.775257315984012,0.21169693108470086,0.013045752931287256,ceiling,True,1e+24,log
recipe,mean_zero,37184509244.52777,3505789830935.5835,1.0,1.9196389340235576,1.9196389340235576,0.0,0.0,0.782166446266774,0.2135835842605804,0.0042499694726455635,ceiling,True,1e+24,log
Lctx_crit,30000,17575404369.037647,4714376571653.895,1.0,1.8824759154226824,1.9396338543167402,0.0,-0.05715793889405779,0.49714244756840753,0.49714244756840753,0.005715104863185007,ceiling,True,1e+24,log
