theta_Q,Q0,gamma,eta_N,eta_D,eta_Q,param_gain_dQ0.1
0.3610739310737608,1.0023487549959507,-0.0006435064481140239,-0.04823934053136867,-0.03831736119041251,-0.10131352236638146,0.37226388185721615
0.36605489745231057,0.9799818780220672,0.03776164390503863,-0.04836888363832141,-0.04000397701083389,-0.1029869517804211,0.3786082911839377
0.35602090854931356,1.0314057650669868,0.04357064273702675,-0.04806944985687059,-0.040263860533762914,-0.09954388224738692,0.36586760510563354
0.34319806500997757,1.0237393613961825,0.05717014621818992,-0.0482019253247867,-0.04085994833489222,-0.09622305352567159,0.3498143641885576
0.37464184338697,1.0016200633752168,0.04316085614627232,-0.04816541040722474,-0.04023872642312069,-0.10495943043112863,0.38963835210977993
0.3597191374704803,1.0005625753217198,0.03859374616192345,-0.04825969372866992,-0.040034992172941875,-0.10097596755143178,0.37054500978376326
0.3788646374966369,1.006694957908131,0.04422207516621722,-0.048103872142508726,-0.04029174859784478,-0.10600687350644988,0.3951059893436364
0.3685660263302045,0.9850777833705615,0.026334942938927953,-0.048318755284771614,-0.039519608587944025,-0.10358597469808871,0.38182169962134127
0.3563445351464148,0.9979163797817808,0.045278917501172466,-0.048297601242686915,-0.04032094687112045,-0.10010726190942897,0.36627606314392636
0.36756552976622175,0.9963099200964725,0.027726115524765185,-0.04824430934089819,-0.0395600353580052,-0.10314561947412096,0.38054019575003917
0.36343045352534553,0.9844204217280693,0.05651734673942628,-0.048351815105776574,-0.040782118716814066,-0.10221250134106458,0.37526056941726593
0.3756666781205591,0.9870019488638073,0.04203760784326124,-0.048265520392421865,-0.04018408243292295,-0.10546529847663383,0.3909626568798439
0.3717952679419523,1.004789019276143,0.038043716167821144,-0.048159249866631754,-0.040007049912360086,-0.10414861287917679,0.3859688226791964
0.3669508154685743,1.002370163456254,0.05611585974456828,-0.04820485513549313,-0.04081210065772366,-0.10288890794722004,0.3797536177023271
0.33920673390797573,1.0193151142279746,0.03526621368221252,-0.04825590619202785,-0.039890358845764445,-0.0952105029476243,0.3448691392877201
0.3775647839337075,0.9910154004716728,0.04706695040820101,-0.04822567527770863,-0.04040705911553104,-0.10591067018478521,0.3934198839445979
0.3561296565602295,1.0071161724600906,0.042233940470905736,-0.04823541704973369,-0.040193845272328256,-0.09991808391947679,0.3660048407083851
0.33763121675755065,1.0399863845435207,0.04650522520566164,-0.048130919032013095,-0.04039435642673452,-0.09452281929715653,0.34292376992684104
0.36370450863316967,1.023709284187948,0.03132524998854496,-0.048074305271640326,-0.03968760745759885,-0.10170249800698408,0.3756096424299018
0.37634189980606,0.9715906152028514,0.0520574376972401,-0.04837428495544567,-0.040591570744185915,-0.10589295067230034,0.391836111405756
0.3600974293571676,0.9948789293938892,0.04252899607404194,-0.04829713080843478,-0.04020380875144023,-0.10116057072687264,0.37102467093268987
0.3775801413415099,0.9948996126295653,0.041591478686558325,-0.048197262997203234,-0.04016680896262696,-0.10585257800864557,0.3934397888657841
0.3836481518021815,0.986200649735652,0.028441695569699044,-0.04822715983277681,-0.03958731531063077,-0.10762042809625313,0.40133452148879334
0.3642274258502975,0.9965035631311621,0.030215717299757094,-0.048262081595248134,-0.03967221748377417,-0.10224653812199236,0.37627602876816035
0.3668352038875907,0.9928297033211377,0.05012013269472929,-0.048273203091414724,-0.04053205347694948,-0.1030023283267411,0.37960575016993126
0.35809117584121675,1.0036692641333418,0.048355275063620196,-0.048247636667378996,-0.04046019153172598,-0.10049387265402039,0.3684833743214182
0.36944250501181697,1.0107190953322973,0.04428375825605306,-0.048130864666772064,-0.04029237506438672,-0.10342855152229774,0.3829456631702637
0.34675227381797696,1.0164199107959744,0.04634367110598185,-0.04822872585477421,-0.040374834928080916,-0.09727360798262184,0.35423852895320485
0.36214348280760694,0.9991137658282095,0.05194205913534143,-0.04825574628854787,-0.04061465580759034,-0.10164818512199819,0.373622898954467
0.3440864939069196,1.0189793689685005,0.027454496946969064,-0.04822800746592333,-0.03954408959063479,-0.0965243451557522,0.3509184342572256
0.3619062082455107,1.0089448105550107,0.06926525330348575,-0.048188369838267096,-0.041406038014108325,-0.10143975379838037,0.3733212523739424
0.3553056209304627,0.9985428667922013,0.023715176138509358,-0.0482992859866692,-0.039402768007962476,-0.09981888332912063,0.3649654012231949
0.38052165422232026,0.9633251807026669,0.06584423721223019,-0.04841340028044327,-0.04113804079739693,-0.1071556020242445,0.3972593553259456
0.3851206185752179,0.9804098314747078,0.04854268481533181,-0.04826214201653326,-0.04046593427249044,-0.10811184581937525,0.40325929398678784
0.3722394209507059,0.9999077466271119,0.018330592088871143,-0.048191680384781777,-0.03912710108040787,-0.10434324823026037,0.3865405261214523
0.3823389480506628,0.9706721910725697,0.0604372795443831,-0.04834945531408584,-0.04094586665082049,-0.10752514706940347,0.39962613233175803
0.36423063762025837,1.0059989208541633,0.03818893149073034,-0.04819521807318393,-0.040014997883420715,-0.102105783517663,0.37628012306530856
0.34725655093986296,1.0320129443120465,0.021865439479262613,-0.048121225895577616,-0.03925965871817558,-0.09719793725330708,0.3548678101592637
0.36113449313600987,1.0003114112821887,0.062385116393603356,-0.048253217278037656,-0.041069365266435585,-0.10135966463381559,0.37234078640972523
0.362753158268728,1.0056001598822688,0.06420375499089832,-0.0482067388689538,-0.04117065597807465,-0.10171590644298847,0.37439838515402535
0.3535410586225729,1.0012028864092122,0.037675239640973406,-0.048291269356761056,-0.03999668678004537,-0.09930666508004776,0.3627431423572691
0.3797210170122572,0.9810083928882848,0.043181081674335896,-0.0482870607154048,-0.040232212002221615,-0.10665109630592065,0.3962183364535756
0.3694699316096725,0.9866334581264171,0.04787400988389901,-0.04830261092817381,-0.040430739151305746,-0.1038053232567921,0.38298085377906244
0.36493889320265943,0.9920129627337958,0.003337718827471645,-0.04828973272772914,-0.03852830243679809,-0.10250495769350032,0.3771833912456102
0.3727116310057499,1.002494340995889,0.03146390762669682,-0.04817035236288866,-0.039710571795207504,-0.10442937706217853,0.38714869056762824
0.35055242364533495,1.002636360431898,0.03895026861670517,-0.04829897678794768,-0.04005134530251303,-0.09848289868707236,0.35899035380210487
0.362462298692304,1.0117597194058183,0.03914766156215672,-0.048165378638723624,-0.04005722697653565,-0.10154714963752803,0.37402834862840106
0.3752181425972384,0.9784996877156312,0.0685158972833957,-0.04832985176931958,-0.041292795498722175,-0.10547977892226802,0.39038284543279955
0.37686681471916317,0.989455181295714,0.00523300070051138,-0.04824096873334719,-0.0385756426509569,-0.10574840747851037,0.3925156396464631
0.35329334791566824,1.0112558654799662,0.049676395682511275,-0.0482239851378907,-0.04052227619303572,-0.09909881824018908,0.36243156797514686
0.37390919013680984,0.9975312958090546,0.05713402719282752,-0.04819916537726036,-0.04085927289067709,-0.10482758388069849,0.38869264351920463
0.36376980698573963,1.007744651456659,0.06635242908264274,-0.04818568467916496,-0.04127702701857465,-0.10195642581464223,0.37569283260511255
0.3446874293098074,1.0310279012354893,0.02783599427788118,-0.048144182926703756,-0.03954049075838457,-0.09652486081076232,0.35166591601896036
0.39061919152215047,0.9828051454250036,0.04383522647551482,-0.04821423831062216,-0.04026561012777013,-0.10954657541477726,0.4104782886711251
0.3655707263811927,1.0024748063553692,0.04962463081480515,-0.048212175088691404,-0.04052222492893716,-0.10251751140800265,0.377989865262252
0.3877001659533628,0.9812126353703392,0.03645426742660566,-0.04824212644451809,-0.03994096204633689,-0.10879084449560825,0.4066397630798688
0.3528405999525553,1.0391499943957156,0.03778602857764629,-0.048037243471481486,-0.03998976726629568,-0.09858856574178587,0.36186234117155913
0.3386994519199097,1.0255925162001653,0.043415073579865585,-0.04821793012834757,-0.04024677257810927,-0.09499330013439834,0.34424236105070016
0.35487830257460107,1.0013259183223846,0.00533648655292462,-0.04828261972864584,-0.038608870271619376,-0.09966443102635975,0.364426798642953
0.3723808492632623,0.9735579127349121,0.0614673844740086,-0.04838095929780609,-0.04097535187659363,-0.10479286930743778,0.3867226356916733
0.33964083867223277,1.0395498204172913,0.041139757074527425,-0.04812062333007561,-0.04014824397537227,-0.09506509081330626,0.34540581352459077
0.37090398905336114,0.9862335088080055,0.03388969092226667,-0.04829751835391964,-0.03983569715403802,-0.1041972456151604,0.3848225417270601
0.36749394989287104,1.0013990338742869,0.04194310524120725,-0.04820857537459139,-0.040182076205471956,-0.10304914903742621,0.3804485724462281
0.3532759909718892,1.0096366527945526,0.04944489933219406,-0.048235146031852645,-0.040510008041774466,-0.09911688378558851,0.3624097397199262
0.3720854142513547,0.9933946837183718,0.04539415640201768,-0.04823938637967158,-0.04033196564665144,-0.10440332719570765,0.3863422564905139
0.3707195801985649,0.997514129019461,0.036746803290584835,-0.048217615107241533,-0.03995211785195064,-0.10397314218490036,0.38458553064057055
0.34944402275914216,1.0006504405478147,0.03534329969424946,-0.048318939322759026,-0.03989965067936931,-0.09821208408847354,0.35760207022857493
0.3635121852736532,1.0080472120391173,0.06475235294692273,-0.04818509232704317,-0.041205595255916536,-0.10188296781781087,0.3753646614135888
0.34944526347928523,1.0137979784461346,0.023908556907378548,-0.04822996492315116,-0.03938875083706532,-0.09803158461573358,0.3576036231807227
0.35914472266891373,1.000039412770474,0.051977705615044,-0.048266672125113284,-0.04061363168875433,-0.10082930273908236,0.36981710135858115
0.3610459535967522,1.015361908101796,0.030971264806488416,-0.04814882536683012,-0.03968444442385151,-0.10111558460079167,0.37222835669230614
0.3651203376022413,1.002719414767008,0.02577677857522895,-0.04821308134117119,-0.039466057670415014,-0.10239313291618789,0.3774149227461516
0.33640022947853654,1.033436965460455,0.05177586758841079,-0.04818143937038324,-0.040624635086747095,-0.09427704720727421,0.3414064319061296
0.3598325508475909,1.010778045146294,0.05899037898296607,-0.04818800299885443,-0.040946165064468285,-0.10085775448039741,0.37068879045430525
0.3747688909601106,1.000281842870593,0.03480729173195435,-0.04817434129412867,-0.03986186910824772,-0.10501449230228861,0.38980243287046634
0.37271692714988636,0.9760952182409856,0.04478162549261396,-0.048360785685218614,-0.040293896361022874,-0.10484371068491125,0.38715551355581357
0.3825739479898493,0.9864961157355912,0.04453663543640531,-0.04823091721928364,-0.0402951860692083,-0.1073274552363467,0.39993257980730723
0.3403928311329903,1.0149740683985835,0.016232359763848635,-0.04827717931020354,-0.039073752183887166,-0.09558554289143684,0.3463361647102705
0.3627117643765863,0.9906111084170888,0.061197210748904836,-0.04831219735826316,-0.04099304377375749,-0.10192679094185321,0.3743457149877465
0.3625377447386481,1.0016843563358724,0.02141181460556659,-0.048235440459426696,-0.039281057770479626,-0.10171602874352904,0.3741243195542079
0.3611992335761755,0.9936604008776264,0.042884977174500995,-0.048299364434300746,-0.04021885539718997,-0.10147478843752561,0.37242300324956523
0.3599119752298834,0.9820979336122012,0.04202332566766904,-0.04838752075662662,-0.040178814255184055,-0.10129770033852287,0.3707894933521454
0.38391452985276925,0.9784339114571208,0.030995883228450805,-0.048283379206571754,-0.039709849568262866,-0.10782069449698081,0.4016824621313817
0.350628532183123,0.9959005218312788,0.06095732535132811,-0.04834435404655662,-0.040969597812657306,-0.09859682586341713,0.35908575031567525
0.3500195203446452,1.0015960322789361,0.012085152478314327,-0.04830916360605008,-0.03891314313756768,-0.09835392642596708,0.35832264958770366
0.36379731495138456,1.0020202657869053,0.020431483593065684,-0.04822573335150302,-0.03923429795019754,-0.1020488813461139,0.3757278798026582
0.36527081212941565,1.0044121951302003,0.02953433428560362,-0.048200261803584936,-0.03962975930657953,-0.1024080946188576,0.3776069748137043
0.3679090740648062,0.9796135440384015,0.07192705462925365,-0.0483614270348669,-0.04141602686317684,-0.10349265422480171,0.3809800509931096
0.3568719984897476,1.0131981740333904,0.07115164513611082,-0.04818909124377485,-0.04149004850266853,-0.10003019784646086,0.3669421400027375
0.3601229510974822,0.9994766359685018,0.043547483364612435,-0.048264913717795246,-0.04024941251569655,-0.10110025546929112,0.37105703972421766
0.3377751476796354,1.0409675044175934,0.03338357201266887,-0.04812359892333895,-0.03979097659976554,-0.09454873215795911,0.34310133203036686
0.35297713266197367,1.0051724974386393,0.0334922395633355,-0.04826742049995171,-0.03981482049545894,-0.09909929828417903,0.3620339661972596
0.371576409768046,0.9806973244536119,0.06936143110000645,-0.048333687900169384,-0.04132605393076754,-0.10446432107455565,0.38568722968584246
0.3593238226379379,1.0107904428921597,0.030388038526899155,-0.048190967829169075,-0.03966598942848078,-0.10072135927515959,0.3700440043625708
0.3512479454442362,1.0130629998650962,0.03006163782911598,-0.048224021685034854,-0.03965797069329382,-0.09852515731769447,0.3598624735521605
0.35557582917513086,1.0094331678913204,0.04737885752470514,-0.04822278072965803,-0.04042121029856396,-0.09973656344183421,0.36530612538897755
0.35787485885407544,1.006844473761108,0.06565713477510093,-0.048226936178354496,-0.041224963043441344,-0.10039007544125661,0.36820974534085504
0.3669444592519153,0.9923481097270457,0.015986615588177707,-0.04827600563604699,-0.03906262172028182,-0.10303898741948912,0.3797454875319326
0.3509277326184847,1.029775858970759,0.030505064792442037,-0.04811287978681445,-0.03965636998751535,-0.09820847360796518,0.3594608632763441
0.39281814384664177,0.9691493640718112,0.05975284350773873,-0.048306017300703295,-0.04093433178012232,-0.11037296013086174,0.41337919073563456
0.3562827550914948,0.9952764901513788,0.05483585028615512,-0.04831619585988329,-0.04072268977535458,-0.10012844084231844,0.36619807619653555
0.3512700708047349,1.0210401941792744,0.02849528057559417,-0.048169799917134486,-0.03957647779749139,-0.09842057752433003,0.35989022900595113
0.3910899508135034,0.9780960002349796,0.03627714096656175,-0.04824726398482662,-0.03993361012364822,-0.10975372413667929,0.4110986521405655
0.3675501304191265,1.0044032286003428,0.03439933124666006,-0.04818693426727222,-0.0398449142291043,-0.10301863621608962,0.38052048366849234
0.36950822358221375,1.0063777464670185,0.05845249590270106,-0.0481613702536721,-0.0409317686911511,-0.10351251519469234,0.3830299875754397
0.37484154381727375,0.9880407995741602,0.06150859414774864,-0.04826256684989283,-0.041027282039400155,-0.10522720924774669,0.3898962750283772
0.34907725552430396,1.005618416077028,0.054874943636479594,-0.048287455085629864,-0.04073275839539249,-0.09804507622653144,0.3571431089404078
0.3593217538967093,1.0128320927332644,0.036885866938633737,-0.04817682749391531,-0.03995566420851339,-0.10069122560357141,0.37004138317233526
0.3355879290449108,1.0199489169352405,0.04578107299030672,-0.04827415675326266,-0.04034498132675837,-0.09423038072506551,0.34040643304848706
0.3568573416706736,1.0194737043437807,0.022057035045652686,-0.04814600537970152,-0.03927735438616299,-0.09993665626040521,0.3669236256018873
0.35133336529078896,1.0159436773892907,0.06507181835597936,-0.04820395580304296,-0.041210581078241985,-0.09850811159590592,0.3599696338108267
0.3633788519835818,0.9924176183831136,0.06599704603028952,-0.04829571137621066,-0.04120461564755309,-0.10207940604552923,0.37519485611377457
0.3580004502834238,0.999834052309282,0.033485186670285653,-0.04827474289180016,-0.03981547597511676,-0.10052485626078486,0.36836860260011695
0.362244758120089,0.99332790341909,0.011213148460579388,-0.04829574787259053,-0.03886850896609252,-0.10176089635843336,0.37375167705027224
0.3560061169187547,0.9978617877915634,0.037416788215335665,-0.04829993227667396,-0.03998610380709322,-0.10001701763986726,0.36584894009194335
0.3433780524773758,1.0187642546892657,0.042691870550137206,-0.048233803322992964,-0.04021400281962027,-0.09633718673402701,0.3500379408703327
0.35784141359364025,0.9895234893638539,0.05098284499657073,-0.04834722207994849,-0.04055325912696138,-0.10063105940852435,0.3681674454870192
0.3508447295069225,1.0181503654723798,0.04454362810427484,-0.04819199122284229,-0.040298921802116736,-0.0983466896988673,0.35935678688094574
0.35144852091324474,1.002423642040502,0.019620089819933285,-0.04829516941118057,-0.03922676184183835,-0.0987268617449003,0.3601141158800918
0.35171265662124795,1.0054538964107038,0.027707915523594966,-0.048272975426784125,-0.039566282607845,-0.09875565729873162,0.3604455961927864
0.342183622988616,1.02890614976664,0.06511147100094523,-0.048174148361026015,-0.04122712237821894,-0.09588334676725536,0.34855517284495474
0.3590797539854363,0.9979409836280558,0.05072411693216824,-0.048281640644003344,-0.04055630152029868,-0.10084232653485324,0.3697348045251485
0.36605478618269993,1.000365182107532,0.04586599717437765,-0.04822426561376957,-0.04035434116687763,-0.10267900009625382,0.3786081490178739
0.38051563586695153,0.9934516227942088,0.06949726122515654,-0.04819118934989123,-0.04141478208778432,-0.10666208536634382,0.3972515261529568
0.36593711595155376,0.9832015633725719,0.054738972901011075,-0.04834663029685338,-0.0407097665572129,-0.10290644825519567,0.3784578160554135
0.37025275850593503,0.9917925814208386,0.05203093475808361,-0.04826126332360935,-0.040617211332620265,-0.1039362174384616,0.383985791966883
0.37542671355274804,0.9864916835790064,0.030983882599471504,-0.048270562298792216,-0.03970701871001022,-0.10540894048266689,0.39065241996773636
0.3557477310029029,1.0262142141030572,0.03456865837964541,-0.048106677802772446,-0.039843699531016935,-0.09954453523694172,0.36552294754740666
0.3499035191105077,1.0187823750266591,0.06093402198348747,-0.04819350241448807,-0.041030925723097335,-0.09808593090338509,0.35817736344534046
0.3544204713359442,1.017348056764224,0.04610463366569804,-0.04817553011013675,-0.04037065584412338,-0.09931508519180603,0.3638500528367925
0.37306671896344895,0.9960871474730274,0.05277048661251725,-0.048214409387967554,-0.040661020523161735,-0.10462447151134346,0.38760624766937646
0.36349136569764867,1.0054362199428748,0.04884184548864014,-0.04820353347709776,-0.04048904613183497,-0.10191612252546518,0.3753381449964688
0.37219463371572414,1.0038408946629718,0.03702269519780359,-0.048163705329136115,-0.039961020827471036,-0.10427013031952298,0.38648286270823284
0.37764916930117676,0.9811679779148369,0.030475984823686186,-0.048297175217228434,-0.03969018467878762,-0.10609140058775786,0.393529261540728
0.36212788108804633,1.001101966969626,0.045478613466990676,-0.048241909236623005,-0.040335392443469543,-0.10161466019127934,0.37360306179910774
0.35944278689609743,1.00095355638134,0.01731557214565579,-0.04825858146548144,-0.03911194123455576,-0.10089606833844543,0.3701947488512476
0.3686396285589674,0.9991360727000766,0.05763453649357136,-0.048218018920637366,-0.04087502071395511,-0.10339065848520697,0.3819160372836683
0.36564345736986653,1.006522168654998,0.05885102892492049,-0.04818318413731713,-0.040941716425330614,-0.102476249353334,0.37808273995516495
0.36680794668202077,0.983510681057495,0.046106274164675456,-0.04833963907672324,-0.040351191691562704,-0.1031364212737158,0.37957089122185406
0.3753646690246864,0.9722459152945847,0.05960574738837079,-0.04837466277272497,-0.04090154730468145,-0.10561880792121628,0.3905722211164657
0.3511480244810996,1.0162765964204257,0.03608551367879451,-0.04820282927329402,-0.039921718286438805,-0.09845384414674581,0.35973713582081746
0.3653416345846014,1.008176410650821,0.0608095517505109,-0.04817331191389223,-0.04103365431991475,-0.10237068069737602,0.3776973786039459
0.35568328040716546,1.0022613261830178,0.05707615211445428,-0.048271478713933495,-0.0408323600888738,-0.09986745260755721,0.3654416497113291
0.3400173111577308,1.0145557810425718,0.028195596179953538,-0.04828222494056653,-0.039589481117218335,-0.09549007229774305,0.34587147061129686
0.3762714690757285,0.9844199936418789,0.06665103890097707,-0.048280971337657665,-0.04124026143657836,-0.10566890482557771,0.3917449691637689
0.3605238326720864,1.01216078008201,0.04726103177389088,-0.04817424279760907,-0.04042290531365062,-0.10102265891254023,0.37156560543788286
0.3437088117377333,1.0236380055090415,0.0395723682931484,-0.04819940574516879,-0.040076790935289756,-0.09636121530263783,0.35044893253278064
0.3649890994168059,0.9817166004587718,0.05223630914831034,-0.04836237684517145,-0.04060178441690109,-0.10267328313857195,0.37724745149316274
0.3561435039133182,1.0114416436431521,0.02426777065693993,-0.04820557072377321,-0.039396880785803064,-0.09986014093514005,0.3660223168354879
0.3377796864461822,1.0333826835702151,0.04954782050865547,-0.04817292191462547,-0.040526173535534483,-0.0946469091200781,0.3431069318456528
0.35892670063035587,1.0123537277628316,0.055215197863249126,-0.04818252308105774,-0.040778763105073224,-0.10059241237153667,0.3695409556660776
0.37430239769010554,0.9832758395602059,0.03774404562511107,-0.04830012210455126,-0.04000004039718914,-0.10515762192345084,0.3892000884505158
0.37298064163960093,0.9990530828861304,0.04144379310908927,-0.048193542251127854,-0.04016032214361789,-0.10455506071371133,0.3874953121016629
0.3527679187633924,1.0163228318260797,0.06744408113777947,-0.04819262483431176,-0.041322197054766426,-0.09888708668894297,0.36177099092039255
0.3326453400742863,1.0276341760131338,0.03391955896760051,-0.048242903936003105,-0.03983027837800852,-0.09334365542359542,0.3367922519060649
0.36640968676739716,0.9951915804486822,0.04740195913090722,-0.04825886265826702,-0.04041700633661634,-0.10285228569378443,0.3790616954634498
0.3646830830018421,1.0149304590800583,0.023637140411122786,-0.048129768051949,-0.039344124297914694,-0.1020937849472805,0.37685705410291837
0.3495094217741041,1.0190260157924353,0.05442595876282711,-0.04819428360920316,-0.04073999738295035,-0.09797704457579964,0.3576839304018098
0.37681002060055707,0.9780928636019147,0.023962633837839385,-0.04832422300197234,-0.03942127992234027,-0.10591494422136742,0.3924420954145693
0.3795165528852995,0.9830817086645984,0.02473062440993712,-0.04827293296545554,-0.039437968413172944,-0.10656248208060834,0.3959526510443334
0.379205235665472,1.001543526257501,0.03133301994255853,-0.04813945064245574,-0.039699294665950714,-0.10618064846653072,0.39554824834443636
0.3732026870256266,0.9963683945213325,0.05227898192953799,-0.04821160441686915,-0.0406399465255433,-0.10465651403342288,0.38778150612234064
0.36565484252277225,0.9936911525914397,0.020140797228872683,-0.04827379662462438,-0.039240515523905825,-0.10267216130290352,0.37809727911957114
0.366365045130214,0.9888026367383176,0.0128306858012523,-0.0483044576817338,-0.03894219196945973,-0.10293691776064383,0.3790046345347453
0.3679225401171067,0.9892136482886613,0.04642391584311545,-0.04829280738406871,-0.0403703305959968,-0.10334959192627821,0.3809972960109749
0.373002722401666,0.9961987230066238,0.051520802716119155,-0.04821397150100613,-0.040605815855649395,-0.10460557398961462,0.3875237684269004
0.4001641246591529,0.967659309961587,0.04939952409557391,-0.04827925669904441,-0.04049988743467103,-0.11237472565036952,0.4231283174519356
0.3874612743793878,0.9761039072218514,0.03827351694244563,-0.04828173756049312,-0.04002190638969012,-0.10881308218505746,0.4063262400467036
0.37064193253461203,0.997490295875925,0.04361076647907782,-0.04821823206243555,-0.040255398148438426,-0.10395269496567186,0.3844857504082482
0.3413881415303591,1.0233348980441963,0.033846367440203896,-0.04821590762592249,-0.039823733929773855,-0.09574336700871912,0.34756887041647677
0.3562439839055748,0.9852943131400358,0.06071681966725678,-0.04838549829991445,-0.04094275920291189,-0.1002611485426627,0.366149137129689
0.35171161579214894,1.0086021792658144,0.043501723746325556,-0.048251550321640566,-0.040248334305639934,-0.09871153422983145,0.36044428977924303
0.3662054224001743,0.9787338683045388,0.032331589028643526,-0.048376950465816894,-0.03978154384395964,-0.10304648384740514,0.37880063068224556
0.3578913114744216,1.007638909091346,0.05045102984725695,-0.0482213443450605,-0.0405569518311736,-0.10038305008732444,0.3682305544161695
0.33916694634040206,1.0141114860657365,0.028191497463538776,-0.04829032670838084,-0.03959121779618132,-0.0952672399977797,0.3448199651387782
0.3743286413134238,1.0131217414965081,0.025893397248800947,-0.04808437214926039,-0.03943497437695795,-0.1046952374190259,0.3892339653972581
0.3740522644858103,0.9857257286727952,0.05595526490195436,-0.048283736972697604,-0.04078017147220824,-0.10505169936808674,0.38887725606771717
0.36141589850799877,0.9972552312505036,0.04680272183759757,-0.04827296061177655,-0.04038914252890448,-0.10148015145200881,0.372698203946344
0.3547475192349701,1.0067886985744035,0.009126580215314655,-0.04824587176217026,-0.0387489105147417,-0.09955187490565334,0.36426201301908945
0.3581317734318737,1.0196027641811778,0.06358473981046683,-0.04813727437207699,-0.041175505462589856,-0.10027536876555919,0.36853473619210186
0.3482804952788428,1.0235953283602688,0.016242383285320492,-0.048171147103311364,-0.03902403732182611,-0.09758567268314518,0.35614678374670183
0.3747108855715551,1.0021257132706511,0.034604143522475095,-0.04816135682494552,-0.039851302935089795,-0.10496993827458351,0.3897275162295286
0.35261324747842077,1.0100661646934714,0.04059939757219574,-0.04823618535900518,-0.04012218290771937,-0.09893307282139183,0.3615766177305635
0.35644582374782685,1.030572351840339,0.06792124085559288,-0.04807245005445798,-0.04140979455981078,-0.09966890938582045,0.36640393590608
0.36016726337900123,1.0082170674305917,0.030429964432434713,-0.04820379859236197,-0.03967032388433361,-0.10098466234059997,0.3711132426738053
0.35461960004274573,1.0067801849423637,0.06435301464190181,-0.04824668921477223,-0.04115807763294609,-0.09951766342122066,0.3641008619876924
0.3581030160656404,1.002517196677529,-0.011565357331424898,-0.048255548544549595,-0.03785602031542498,-0.1005136754755815,0.3684983536646227
0.3633496489225934,1.0099032985676875,0.05630258848086258,-0.04817305002424179,-0.040830614562258914,-0.10181196216305921,0.3751576685929945
0.3633582855796768,0.997118886762265,0.04756842958422275,-0.04826274198768674,-0.040423652373645744,-0.10200394734555376,0.375168666473211
0.37839481122662877,0.9872112319491146,0.033695195926414914,-0.04824883681402004,-0.03982122937663831,-0.10619447904077409,0.39449623873502504
0.36512923054010943,0.9951266682951551,0.03301435762901026,-0.04826663724894087,-0.03979406435258287,-0.10250936961956551,0.3774262718896586
0.34942150182596154,1.0055569699828788,0.056958652110468626,-0.048285832732046195,-0.040822496316814665,-0.09813846708617373,0.35757388222951225
0.36457335746864666,1.008101061722989,0.05206334990945597,-0.04817840781893712,-0.04063826418802292,-0.10216621161790171,0.37671710896511956
0.39082322453646706,0.9928853804238853,0.019866060842028632,-0.048137149139089334,-0.03917387139590829,-0.10942855092472874,0.4107471171424615
0.34419790966891994,1.0175580138432034,0.03096437411197994,-0.04823677761359054,-0.03970005868259438,-0.09657315829910225,0.3510569784495534
0.38789396797874587,0.9764964479890313,0.04183552153647494,-0.04827647457655761,-0.04017496721714851,-0.10892272364273851,0.40689417907713565
0.3484872909365524,1.0102174357666642,0.023792270107960225,-0.0482599119612377,-0.039393321534063386,-0.09782354298609466,0.3564052814144465
0.3751980114784065,0.9903228091573008,0.031089099378407113,-0.04824401482942932,-0.03970681576698773,-0.10528679089248741,0.39035682999782684
0.34650303098071017,1.0140608125107364,0.013510517436197378,-0.04824605562986353,-0.038940281052933644,-0.09723861616134964,0.353927646507707
0.3669711907781784,0.9817008538930999,0.040799718812557624,-0.048351639199538214,-0.04012936082115068,-0.10320793567515317,0.3797796799809199
0.36078690054015405,1.0148016802390978,0.050303260694748206,-0.04815429342399334,-0.04056399386862977,-0.10105450847215147,0.3718994755299583
0.37907741814964135,0.9882986970705826,0.02752136768989325,-0.04823707302072883,-0.039549291376621845,-0.1063601104997242,0.39538225817906136
0.384613087732674,1.006514649535597,0.051637689594102636,-0.04807132841606918,-0.040643612569887556,-0.10754249318761447,0.40259546224136544
0.3411733773196427,1.023894338127315,0.03996423115097866,-0.04821356209791406,-0.040094287257004785,-0.09567848108178952,0.3473027540477207
0.39682695981485955,0.9605036584845419,0.05052391825923013,-0.04835166295774217,-0.04053324030637825,-0.1116047049360999,0.4186883076886714
0.3482564626370656,1.0060410993087483,0.040874054317995095,-0.048289463329173055,-0.040133401907019244,-0.09781860876458494,0.35611674686637995
0.3615210134221216,1.01004326033045,0.0331343052412748,-0.04818300418485735,-0.039787699810866675,-0.10132050337148701,0.37283174410554487
0.38055696814107487,0.9929934974798522,0.023076865137056247,-0.04819431991733437,-0.03934017290710277,-0.1066806008603953,0.39730529576818596
0.3514727286282438,1.0143280234390057,0.040427367467406126,-0.0482140719826008,-0.04011478747131025,-0.09856786810103885,0.36014449114068503
0.35324766312646283,1.0102695880596282,0.06933628866336072,-0.04823099343910837,-0.04138451622998193,-0.09910040363527395,0.36237411536246444
0.3796362758347643,1.0073547671265708,0.04395889139185191,-0.048094507186658385,-0.04028024123082948,-0.1062020993712041,0.39610821358906234
0.3634777859218983,0.9849601881346923,0.04128607897294867,-0.04834774255121787,-0.04014965287048663,-0.10221720304723622,0.375320849768505
0.38978277297966457,0.956138673084921,0.01796833986916593,-0.048420461240116064,-0.039211276996171544,-0.10977955891325633,0.409376963054497
0.37474047758088896,0.9667532729829849,0.05758713437714027,-0.04841802990038857,-0.040803594912418015,-0.10553770325423946,0.3897657350014865
0.34947467498634954,1.0101998865473691,0.06122167941095924,-0.048254103501122865,-0.04101840222073322,-0.0980889034510424,0.3576404369038977
0.35684203494382466,0.9978808949826252,0.02933837159832768,-0.048294973990949494,-0.03964123731680108,-0.10024157052605584,0.3669042906003581
0.354814279263426,1.01225186036073,0.0654797822853368,-0.04820801346227126,-0.041226678367010806,-0.09949247702807008,0.36434612661622
0.3713053118711457,0.9874984027697331,0.058915869937151526,-0.04828619097745447,-0.04090620681482833,-0.10428552418971807,0.38533852894736453
0.37118357253277035,0.9980771695927205,0.04209732447506064,-0.048210911677138736,-0.04018882640803631,-0.10408880198133429,0.385181979499168
0.3575642464222893,1.0014540613410152,0.03334802644205454,-0.04826605997426805,-0.039808407892724475,-0.1003843134186348,0.3678169660582691
0.36304514127322957,0.9958956876830185,0.07032827553051516,-0.04827314020239696,-0.04140283524387406,-0.10193799756955693,0.37476998524472194
0.3555933165731201,0.9859232506209586,0.037625143594605316,-0.04838475879274353,-0.03999913318604357,-0.10007649545990673,0.36532818037860415
0.3527132518029934,1.024816573248779,0.05174216957068518,-0.04813521026828086,-0.04063379028138829,-0.09875397111931947,0.36170228748565747
0.3571139818850686,1.0104484252774286,0.013931982768958798,-0.04820658341911248,-0.03893819285684708,-0.10013435971594718,0.3672478604687197
0.37476472151270723,0.9873476351262924,0.02950069507205275,-0.04826802366525211,-0.03964249893385631,-0.1052175384378544,0.38979704765587897
0.379593768718811,0.987739511122797,0.040975726202048424,-0.048238298867413855,-0.04013863791903962,-0.10650769279924588,0.3960529791201557
0.3717904280413947,0.984448530676059,0.0652873914462871,-0.04830546494144674,-0.04116948438336221,-0.10446345594999103,0.38596259461145643
0.34852051612892015,1.0123796692375713,0.055134100951272975,-0.04824513304458031,-0.04075646443343615,-0.09780290966389618,0.35644681955823976
0.3616319867655982,1.00763331655947,0.0413309661104745,-0.04819915839675401,-0.04015514539509395,-0.10138558488632736,0.37297274582537265
0.3470776992491228,1.0011138348074267,0.03596211150685648,-0.04832962349243709,-0.039926629924411754,-0.09756859253491137,0.35464457850694275
0.36586605064220773,0.9881768523508849,0.0481247046054349,-0.0483116919547677,-0.04043995065395366,-0.10281211144690813,0.3783670351802022
0.338155923023607,1.0229113030849613,0.04532364280600886,-0.0482388742159432,-0.04032893306406246,-0.0948820547350599,0.343571231815738
0.34905805990576505,1.0071856051711856,0.02774178478569835,-0.048276972155242695,-0.03956872126781644,-0.09801840091207571,0.35711909385695906
0.36980036596445215,1.0021696118438301,0.06143563370343906,-0.0481896551834251,-0.04105495914469932,-0.10365519520291008,0.3834049228993617
0.35744711788472083,1.0014137124997007,0.06571215644240543,-0.048267022684000925,-0.041207032439345335,-0.10035343178634276,0.36766889253347257
0.3833509769773171,0.9959072102220575,0.03175363130753508,-0.04815699121196758,-0.03972143565321102,-0.10738060284127235,0.4009464909366358
0.3618395652637927,1.013279067918617,0.046402186873248354,-0.04815852434368963,-0.040386177532496535,-0.10135825904067722,0.37323654527797623
0.3602974924537637,0.9952817216038947,0.03768512795540004,-0.04829317474468711,-0.039997200536036843,-0.10120848280178484,0.37127843502483926
0.3670322074430088,0.9932127428078481,0.037817626612992934,-0.048269364070974735,-0.040001779869654606,-0.10304944838181526,0.37985773100165643
0.3654492422603487,1.0237903412878657,0.030827091445011973,-0.04806289279292715,-0.03966208046116274,-0.10216611771439287,0.37783475338657446
0.3490567603200125,1.0036564751678427,0.02113859139263288,-0.04830084867887294,-0.03929366569764667,-0.09806651312618891,0.3571174680033735
0.3464336775139583,1.0113310848974046,0.04386028492731982,-0.048264775070109414,-0.04026295248433572,-0.09725687457641961,0.3538411584198411
0.37821287642495294,0.9981615911515547,0.024621110710041708,-0.04816986274727961,-0.03940162279726111,-0.10596968364692752,0.3942602157646342
0.3704686018714759,0.963205980150856,0.03449424891406689,-0.04846587484537951,-0.039880164540781485,-0.10443771980881304,0.38426304860304183
0.37391665391114154,0.9745140875246006,0.041132782252617774,-0.0483658384723087,-0.04014290365158288,-0.10519217824258915,0.3887022734081187
0.3531149274118736,1.010269417367745,0.027412511013052008,-0.048231790687427174,-0.039543194363486155,-0.0990648033371757,0.3622072070255129
0.3643563403431431,1.01252967467079,0.023568327427149705,-0.048148593668558975,-0.03934713293024964,-0.10204221014219854,0.37644037908697725
0.3587026071868372,0.9936487931223111,0.01946583512967397,-0.04831366132635523,-0.03922774617900929,-0.10080321935127459,0.36925719769505494
0.3610247628476316,1.0088666502244357,-0.003069518388723725,-0.04819416952881561,-0.038172543854483085,-0.10120486988239709,0.3722014499805226
0.3556694464241648,1.001061337762302,0.033027579856313875,-0.048279824860072644,-0.03979648472619272,-0.09988083477874944,0.36542420040184864
0.3540485167440907,1.0215926959828947,0.0277669048024462,-0.04814883931059697,-0.03953847548477869,-0.0991558907072979,0.36338172929019796
0.37168935791097163,0.9916766797468476,0.05948953136400012,-0.04825398522048475,-0.040943155742629425,-0.10432376015765234,0.3858325443878088
0.36846373983498776,1.0088883113237714,0.039670892223827796,-0.048149711490889285,-0.04008075732575393,-0.10319493063628554,0.3816906110066647
0.37421275776564317,0.9877100362168083,0.03111606340345852,-0.048268468748040576,-0.039712348290990226,-0.10506353995446198,0.38908438385284416
0.34466508846920535,1.0057894710074793,0.047340019713124945,-0.048312451679896645,-0.04040662919692566,-0.09685594678677503,0.35163811713982285
0.3745581611503581,0.989304167627503,0.0283008932317187,-0.048254989035586275,-0.03958762898858521,-0.10513114731665149,0.38953029145753093
0.36920863722059605,0.9751999452325109,0.06781713790013175,-0.04838604662738965,-0.04123259657311952,-0.10391109236770302,0.38264564005211743
0.36777781334643683,1.0109562723132826,0.04371132253453484,-0.048139143814770316,-0.04026550173062274,-0.10298021794063829,0.38081196981695764
0.3382344725440819,1.0449607485105281,0.043207784686138506,-0.048094611021946836,-0.04024520995480488,-0.09462027446729208,0.3436681940789861
0.3751512155720418,0.9958367004852295,0.035534783986370326,-0.04820430446208184,-0.03989735325441101,-0.10518700686703049,0.39029635819137276
0.3503277932460567,1.0107046006770983,0.0285898925539452,-0.04824556370369341,-0.03959803539049642,-0.0983109509442066,0.3587088482591734
0.373436787598308,1.0058481148757894,0.03329928990717428,-0.04814199158409912,-0.03978957465717484,-0.10457095386688205,0.3880833237248875
0.3691046297501508,0.9916537851084879,0.039437207932104965,-0.048268739857603514,-0.040071680687284304,-0.10362996991122676,0.3825122394981324
0.39042004952724,0.9829546669577448,0.04526986077577796,-0.0482141985612531,-0.040329107703230165,-0.10949063708833229,0.41021597066755255
0.3597451659884627,1.022935119506102,0.025096468416844826,-0.04810428604362413,-0.03940357541864026,-0.10065808381375545,0.3705780058482906
0.3803739673506229,0.9860390757820969,0.04034345857307304,-0.048246465782160186,-0.04011091745303423,-0.10674467273993452,0.39706724904028823
0.37374896664448887,0.9894280834247063,0.03307813663825235,-0.0482586228383538,-0.039795705212226425,-0.10491192196358262,0.3884859420134741
0.36163828049367386,0.9985196001104489,0.03935532053267015,-0.04826282897806817,-0.04006805772394743,-0.10152128099098848,0.37298074316044527
0.36759593618182645,0.9941395959687462,0.03506538697083929,-0.048259569682258814,-0.03988200225088195,-0.10318678115421341,0.3805791188807581
0.355594503233076,1.0030723500442456,0.03590531258892282,-0.04826641485372239,-0.039918989829573114,-0.09983205221918769,0.36532967700351704
0.3817139430291814,0.9765920113929402,0.031673140377704134,-0.04830888186130299,-0.03974315535916278,-0.10725929249860829,0.39881154301205335
0.33578883331130543,1.0090527000218064,0.05392678195961243,-0.048343863099274,-0.04067671085061308,-0.09442294014925502,0.3406536673002425
0.36086046993884846,1.00652697779185,0.03229248549946749,-0.048211450134775645,-0.03975432432944854,-0.10119508592205877,0.37199286492121075
0.35828175719542943,1.0036168683146391,0.05681818520139656,-0.04824688034383584,-0.040829387581664864,-0.10054578079389158,0.3687245099191263
0.3574694434562862,1.0126400231079973,0.05083516697244429,-0.04818933057878783,-0.040580711090774726,-0.10019815759717783,0.3676971147931172
0.36362801143092566,1.0000779785867928,0.03295290309361984,-0.04824037494978953,-0.03978768746304266,-0.102032358154515,0.37551219348148135
0.37157937079511927,0.9835260009875738,0.06900726575215063,-0.04831327679706848,-0.041322913936227,-0.10442103835903581,0.3856910389678605
0.36193544392287935,1.0012875742637708,0.005312975595741875,-0.04824173065381006,-0.03857966518071173,-0.10156028552565433,0.3733584148254172
0.35533082039548286,1.0150703791756406,0.0157926351886853,-0.048185568844915094,-0.03901069744070345,-0.09959092987918003,0.36499717214454375
0.36269321607266913,0.9875673403158447,0.04234419012803161,-0.04833372246445101,-0.0401943057489996,-0.1019669889532873,0.3743221147443827
0.3751842950713374,0.9989390030160351,-0.005189981613959339,-0.04818165257522891,-0.038066616142942516,-0.10514684865705431,0.39033910466532795
0.3818508443638785,0.9857436876704696,0.05336770594834046,-0.04824047724794636,-0.04068059423041414,-0.10714582900561131,0.3989899166161033
0.3380523687937314,1.013536942676387,0.0353476337419857,-0.048300876580647585,-0.03989813178079913,-0.09497491520241569,0.34344341783246946
0.3658469732734768,1.0086738394076684,0.05006223421372727,-0.04816680045708442,-0.04055057039674038,-0.10249842299305399,0.3783426665632692
0.35096704400451983,0.9896701924361421,0.039292255062281414,-0.04838490869494563,-0.040067282809711814,-0.09877480527942092,0.35951015897806404
0.3552089792312871,1.0047458206760504,0.032536845583106155,-0.04825717140312099,-0.03977200758718859,-0.09970471954927126,0.36484356671895424
0.35475814608161627,1.0355354140157162,0.025412861201696686,-0.04804936427380282,-0.03940227751443442,-0.09914936592141374,0.36427540173795747
0.3641208007520613,1.0000490157974324,0.06331124383265009,-0.048237719534628375,-0.0411167684787225,-0.1021650085531668,0.3761401145881069
0.3727535177244413,0.9881491653468469,0.026055821068434053,-0.04827342826898975,-0.0394952145006556,-0.10466459845593419,0.3872026541846443
0.3691261295521317,0.9953264527735249,0.046796541332934226,-0.04824238703213607,-0.04039293447028345,-0.10357942503858081,0.3825398138483578
0.35779532591297764,1.0111183110951585,0.03232763315049116,-0.04819787219422661,-0.03975378978272329,-0.10030727840099193,0.3681091590181518
0.3450944683307311,1.030420162281286,0.057668899995867565,-0.04814562721266476,-0.04090175005232584,-0.09664174544284067,0.35217253195334997
0.35019791687753854,1.006658110182701,0.025873441978087258,-0.04827376875543928,-0.03948745284634962,-0.0983319570002949,0.358546123578247
0.3529380524306089,1.0024889011331537,0.02070490604951455,-0.04828599414792275,-0.03926950524667395,-0.09912645629737137,0.36198483840998463
0.3460356973602054,1.0220085906680354,0.07842787070165858,-0.04819575300293793,-0.041810642695656666,-0.09700622219914824,0.353344995512308
0.3606513474720475,0.9841984012601109,0.018549094737386352,-0.04836873202905387,-0.03921250671671283,-0.10146638323829434,0.3717274260396448
0.3718265045699935,0.9902767969004436,0.04792380214934768,-0.048263283986637255,-0.04043895457943726,-0.10438236482971515,0.3860090194144534
0.3482927571640234,1.0016317765789777,0.06772910847427169,-0.04831902344762245,-0.041265707712008715,-0.09788868854774768,0.3561621094456138
0.3638262625758765,1.0091216953738438,0.05093955201382651,-0.04817568548687714,-0.04058831430758976,-0.1019510883918832,0.3757647625248186
0.34956114415419404,1.0220719998949281,0.0547616921071826,-0.048173424082633066,-0.0407610513480548,-0.09794913091673756,0.3577486761678841
0.35979300591702357,0.998401023426144,0.04843206758916666,-0.04827431928296881,-0.040459132473448976,-0.10102731100172423,0.3706386547731464
0.3619565857025516,1.0122289189196485,0.039081216429652385,-0.04816514405841589,-0.04005421717961033,-0.10140497561205573,0.37338528969124307
0.33942524818220854,1.0117689113500354,0.047239282946463824,-0.04830416590323567,-0.040403539506389585,-0.09536711614377207,0.34513924784875427
0.35376076927464495,1.0023423673052803,0.04134395097301057,-0.04828217733577547,-0.04015367733606399,-0.09934967138127705,0.3630195777396068
0.3601746764609026,1.0125867239021764,0.05299119501867118,-0.04817338618347197,-0.0406812706157366,-0.10092302698078263,0.37112264526854943
0.3577184405776791,1.007367165368407,0.043580011629938,-0.04822425033663812,-0.04025362432134828,-0.10034060896091448,0.3680119305755045
0.39098672286897895,0.9855024897559543,0.025642422382512863,-0.048191869567415106,-0.03945402908972378,-0.10959877577725327,0.41096258774929706
0.34785352455854546,1.0283295120567355,0.026372039280668648,-0.04814207554171199,-0.03947309311482841,-0.09740721726992474,0.35561327276804655
0.3660020077239475,0.9806502387106347,0.07678080758103033,-0.04836441640287953,-0.04161450704600912,-0.10296256137363063,0.37854071767454434
0.36000503358140906,1.0107472556780746,0.06095410734442884,-0.04818718259003554,-0.04103443540553806,-0.1009043818610515,0.3709074954968099
0.35844631843042485,1.0030515822734445,0.03941472862975068,-0.04824983335722355,-0.04007045314991335,-0.10059811901379541,0.3689327690221631
0.36091659308338625,1.0070921949189175,0.05191057210483172,-0.04820717826582672,-0.040624658566018,-0.10120185639632957,0.37206411367147507
0.3699065381042762,0.9826046955003277,0.04946613343511348,-0.048329091162107346,-0.040493497437413296,-0.10398496601894135,0.3835412178912936
0.3746005402849215,0.994741496459441,0.020461568610299328,-0.04821537400544299,-0.03923158974091146,-0.1050567249188343,0.38958501512819654
0.3673387293246375,1.0015521476967024,0.022719442661961846,-0.048208392661362245,-0.03932906170801901,-0.10300523316870935,0.3802499157980741
0.361585934691392,0.9893017803893026,0.042006928031747125,-0.0483277300891804,-0.04018040461947458,-0.10164308645296795,0.37291423012371383
0.3699080610882477,0.9910893818403141,0.020459592238303327,-0.04826824528473692,-0.03925208693066524,-0.10385447750074185,0.38354317310276764
0.3634527721963255,0.9786182408472681,0.03653254281313422,-0.04839269355739074,-0.03995503165288097,-0.10230519794304059,0.3752889930033234
0.34827836340978935,1.0089149604335061,0.024642573878161215,-0.04826994727986196,-0.03943325909039626,-0.09778522467586671,0.356144119222253
0.344935178179163,1.0051050937997605,0.038278667750248255,-0.048315428516213434,-0.04002334404499389,-0.09693781854334219,0.3519742431966071
0.356542269402088,0.9891336535715869,0.05819751389166548,-0.04835722940554136,-0.04084995452005933,-0.10028647194744512,0.3665257095486627
0.3679018478447707,1.0065845174946062,0.051709791085926014,-0.04816939119470966,-0.040624440415945554,-0.10307967604135275,0.38097079700472714
0.3636671330997853,0.9935797262656252,0.04228328612592394,-0.048285888488637824,-0.040193824440853974,-0.10213961074852468,0.3755620289913959
0.36233989118387316,1.0120847465163119,0.0660528029663555,-0.04816384406501707,-0.04127483262737503,-0.10150962179547268,0.3738726596164852
0.3695399432112273,0.9913763410619226,0.03163711769148309,-0.04826826681856551,-0.03973481490438953,-0.10375117191722713,0.38307068993463367
0.3719775355525627,1.000898094832651,0.040851142447044166,-0.04818608754133306,-0.04013396065011963,-0.10425773761491584,0.3862033950944861
0.3616819244846045,0.9997968529699518,0.044076368815294954,-0.0482536372489452,-0.04027317722061734,-0.10151419577990517,0.3730362025675418
0.3475190359608199,1.003220312198348,0.061452479953341105,-0.048312841997928097,-0.04100357284315116,-0.0976587368871094,0.35519551704326746
0.3366635963073571,1.0308836038880933,0.03591292533811053,-0.048196332114155825,-0.03991350160243258,-0.09438002002953405,0.34173086955751786
0.3710580376857991,1.007291263847992,0.06349474385539174,-0.04814569032945895,-0.04116748230660326,-0.1039128317718048,0.38502057408014667
0.36188407325559213,0.9943699687290285,0.05781544052547957,-0.04829049006325951,-0.0408575642905897,-0.10164850629881478,0.3732931167410929
0.350366219678545,1.016525468447674,0.025937039563210085,-0.048205919962249724,-0.03947114351558482,-0.09824094267892565,0.35875699850620224
0.34954079604886107,1.0207703430019144,0.055808002696916076,-0.04818232577318828,-0.0408054333608128,-0.09796152765964573,0.35772320403766455
0.37564732242995785,0.9845931340444595,0.03618467870757999,-0.048283150145851134,-0.03993236394002343,-0.10549838542988883,0.3909376295401181
0.36127747438703883,0.9984324822978149,0.03826178744436181,-0.048265523010777925,-0.040020812029273704,-0.10142565459024773,0.3725223736347929
0.34916020910128337,1.006779752090841,0.059611027266529476,-0.04827910893995184,-0.04093872034954359,-0.09805142491142117,0.35724689631042206
0.3446729021898275,1.0331322979046886,0.06426943884884886,-0.048130309614206536,-0.041210190037680706,-0.0964929790938554,0.35164783972514635
0.36749424428671207,0.9930022704078526,0.008411642930335887,-0.04826823871996052,-0.03873176740647321,-0.10317676619927071,0.38044894925804096
0.3645170098449183,1.0095826877886709,0.03177962466183244,-0.04816832800223198,-0.039724485439205176,-0.10212904927892087,0.3766452500004358
0.38386397549653806,0.9782816094639589,0.015168328863213417,-0.04828478445519228,-0.039031746896893885,-0.10780963415076075,0.40161641958109584
0.3565884446939455,1.0186245309303377,0.037294929771715855,-0.04815349373952821,-0.03997277410882437,-0.09987688447322104,0.36658401627088577
0.36716127539556737,0.9947323638051188,0.031165454695893546,-0.04825783206843188,-0.03971259723052055,-0.1030610578881111,0.3800228510544226
0.39021899351091666,0.9888593569762765,0.01040709411903053,-0.048170829606482245,-0.03876060997930804,-0.10933581554871255,0.4099511977489707
0.3726072248470835,0.9990558935323963,0.04485587926226998,-0.04819567735428902,-0.040312531511421466,-0.10445501082195159,0.387014193970719
0.3701739886797813,0.9986929390874113,0.027116856666824857,-0.04821232145540762,-0.03952520150268521,-0.1038087258597673,0.38388462852957006
0.3627382223394189,1.0035169248165912,0.058318446192323285,-0.04822142362070035,-0.040904008120916414,-0.101742701866879,0.3743793801571498
0.377884996089973,0.9901030620828603,0.03927910991158161,-0.04823053750382909,-0.040064232571499596,-0.10601118009278952,0.39383499363848884
0.37821082312124926,0.9919906411328516,0.018731468190250008,-0.0482149162531525,-0.03915486466053743,-0.10606822176158762,0.3942575523310472
0.35787964655295634,1.0150510824640093,0.049721965741615165,-0.04817021333053497,-0.04053454001945366,-0.1002733415727727,0.3682158007207721
0.35156927021227596,1.0128502551236769,0.06409622019809723,-0.048223523121647835,-0.041157897048002094,-0.0986142694816833,0.36026563824806
0.3411198561805666,1.023434149968898,0.023427494745081583,-0.048216929338845374,-0.03936330184813692,-0.09567015279019533,0.34723644645845675
0.36967599166509396,1.006940395475171,0.03334916487789592,-0.048156371157559295,-0.03979377780467554,-0.10354876369487359,0.3832452843653773
0.3521551374059574,1.0184441579442907,-0.004643617563841715,-0.048181951051768875,-0.038091414569574884,-0.09869344960535965,0.36100113543337153
0.3511789498598734,1.018855357625529,0.015904389259153082,-0.0481851622748199,-0.039015511917176365,-0.09842642704991088,0.35977592599467645
0.3720514171943623,0.9837049458200424,0.048240380633844955,-0.048309389943206854,-0.04044521818680393,-0.10454528113423986,0.38629849348788325
0.3676161060425418,0.9978049393664015,0.03079192950373053,-0.048233392654822654,-0.03969187915407962,-0.10313646917875446,0.3806049390498507
0.36726068475433266,0.9836492204706683,0.05667549671701746,-0.04833615912637109,-0.040793830796200956,-0.10325628499808345,0.38015004613201553
0.36726381700288624,1.0105873127710532,0.020227424962131636,-0.04814483150740283,-0.0391934430891711,-0.10284844578915178,0.3801540541246218
0.35281642232069044,1.0191911149077606,0.002494175577114408,-0.048172806816213866,-0.038405068021536176,-0.09886001264827168,0.36183195230462784
0.34659926437579347,1.0121845319790579,0.0381731728793648,-0.04825805231417003,-0.040016694855042965,-0.09728980769888429,0.354047667802841
0.33665633600622036,1.0092298794802443,0.050585847627453974,-0.048337498902483414,-0.040538756488865055,-0.0946544172736454,0.3417219242920202
0.36338300416874797,1.0035136291619116,0.06366434545268791,-0.04821766569669084,-0.041141598822555206,-0.10191561066280108,0.37520014366454046
0.37006032138748884,0.9818601238543984,0.03368797741574083,-0.048333595810129686,-0.03983168861808192,-0.10403789250059815,0.3837386640296514
0.3552838861529742,1.0141647293401665,0.04032585626265598,-0.048192062877661444,-0.040110392893301365,-0.09959119553547623,0.3649379992982138
0.37050194800997094,0.977799564266763,0.02833249987937186,-0.048360398597874596,-0.039613591314073125,-0.10421981213062488,0.3843058892563238
0.35795074025908574,1.0027725446958964,0.019932724054291955,-0.04825467133907459,-0.03922390647528283,-0.10046910774631132,0.368305722757162
0.35511010097593093,0.9815626305107928,0.04800002246179289,-0.048417591894787934,-0.040418090024014745,-0.10000831953714467,0.3647189277085303
0.3773412412231571,1.0041861525047897,0.04258253721743345,-0.048131073728402,-0.0402142611705291,-0.10564032833694148,0.3931301906767759
0.3652138650080944,1.0053711695768381,0.05551889054430879,-0.048193836102460905,-0.04078893703864485,-0.10237847864534151,0.37753428844226944
0.350136305341713,1.0039273353345,0.029906528086593435,-0.04829265672698907,-0.03966500504028877,-0.09835312447768237,0.3584689383941324
0.3611138743559715,1.0036200956496057,0.031126662994988757,-0.04823023143423335,-0.03970600423867796,-0.10130559674851813,0.3723146030655582
0.3516760223555559,1.018502869949471,0.04578008996077479,-0.04818449604529861,-0.04035503381942747,-0.09856438087147372,0.3603996151110411
0.35701530367876044,1.001081352245996,0.03446798305063263,-0.0482718398132115,-0.039857469342537574,-0.10024220310304163,0.36712317991367205
0.3485119555066855,1.020604154311029,-0.01836496962521307,-0.048189810565108085,-0.037484466916530824,-0.09768835994872056,0.3564361169031758
0.36245998290487225,1.0034160066639846,0.04400782103482939,-0.04822376225895042,-0.040272511047716876,-0.10166959034767457,0.3740254029797485
0.3655707712325167,0.9935036874418528,0.023186043095477903,-0.04827560185673999,-0.03937230087726376,-0.10265239355347767,0.37798992253309405
0.37555660416464826,0.9831476557787615,0.03321903415121099,-0.04829416877607958,-0.03980666572749395,-0.10549697755283356,0.390820336840634
0.3675781678616868,1.0197525564632648,0.03848038502291133,-0.04807815540854089,-0.04002424775143275,-0.1027939190923388,0.3805563735468023
0.35632772101326415,1.0136401262664891,0.0397461773077731,-0.04818934184109947,-0.04008446376477636,-0.09987815782335831,0.36625483753285226
0.3976526375111499,0.9710153073003371,0.03290151562384446,-0.04826643246964205,-0.03978915822012514,-0.11163978352035417,0.4197851200060454
0.3704327772201829,0.9870016355270783,0.02438607524099216,-0.048294617612643885,-0.03942987514673653,-0.10405861898700368,0.38421702571926786
0.3966734452599789,0.979001082809111,0.039081437734856915,-0.048210313503706886,-0.04005513947487211,-0.11123539525094112,0.41848450747119204
0.3739318778976161,1.0058713042731784,0.037239569238734574,-0.04813890863478271,-0.03996943023002991,-0.10470288515963916,0.3887219159324671
0.35768167842019655,1.004827025041366,0.060552115544111294,-0.048242032526009046,-0.04099419175740031,-0.10036729286617527,0.3679654447828338
0.36381542165001735,0.993649532461352,0.03533444262193024,-0.04828455307618942,-0.039896028497630485,-0.10217843313228922,0.3757509497385976
0.34936211981908233,0.9964690882586862,0.032212252209541124,-0.04834777419429862,-0.03977208508350708,-0.09824766050099827,0.3574995613627432
0.3526494967598675,1.0096516898488086,0.060808574719709484,-0.04823879411007442,-0.04100673008950041,-0.09894859445473907,0.3616221683481087
0.3702069260802961,0.9955226523070453,0.028254702099443314,-0.048234810851515125,-0.03958088388308678,-0.10386639009174614,0.38392692855565813
0.35539369809843496,0.9970327816924572,0.04098933691360968,-0.04830918144343067,-0.04013798464215708,-0.09986408331439539,0.3650764512658644
0.355806980670572,1.0029780972248434,0.024724569253191584,-0.04826581746684656,-0.03943553873408641,-0.09989046825366675,0.36559769066674197
0.33952314250730775,1.0103483965864841,0.04885805646841151,-0.048312926710991924,-0.040470776011726675,-0.0954119226552004,0.34526027997618347
0.36923536789654177,0.999650547867675,0.05576102741912584,-0.048210907204455415,-0.04079445182174341,-0.10354246893433235,0.38267992775027393
0.35427306089560195,0.9869304972459415,0.015310234543900098,-0.04838516053100558,-0.03908715460223924,-0.09970575681684851,0.3636644243442879
0.34465162491651546,1.0122060778938964,0.035981215418963354,-0.04826967748331948,-0.03992253700367169,-0.09676641372955191,0.3516213647080071
0.36509071096386275,1.0044596410378686,0.011252828914648197,-0.048200985809987655,-0.03881601241119257,-0.10235913856942203,0.37737711421359554
0.3520157972388441,0.9942369037297393,0.028198175507998635,-0.048347755370938994,-0.03960505264962905,-0.0989938894664975,0.3608261596150193
0.37224152234114066,0.9752146185009306,0.05139587206550659,-0.048369708488541066,-0.040565415006614744,-0.10472930081083708,0.38654323173343896
0.3572277768099993,1.0127699693813343,0.07085292447385477,-0.048189892768038936,-0.041476190316458106,-0.10013158694025556,0.3673916600132632
0.37552976003724386,0.9942045493461178,0.03455638450024855,-0.048213978575221215,-0.03985492210584342,-0.10531427655457985,0.39078563170569414
0.3804925752889362,0.9824584928525614,0.018879158080171324,-0.04827217461199433,-0.03918548556355405,-0.10683485597263506,0.39722152759544116
0.3441000287943919,1.0299347549466131,0.030463670721390976,-0.04815517522814252,-0.039662534320249555,-0.09638236861032948,0.3509352637150549
0.3435859636842471,1.015735192030684,0.051993002998312554,-0.04825264903128644,-0.04061759871319773,-0.09643318097146512,0.35029626561101734
0.37087766821520846,0.9992325366333947,0.05959268322488894,-0.04820439776675255,-0.04096680001326798,-0.1039889669154257,0.3847887096002687
0.36652105170018323,1.0059245822836027,0.032994312982083704,-0.04818222008757751,-0.039781306961709575,-0.10272015110689944,0.37920405588224027
0.3600070744022286,1.01822102259422,0.035147875397002544,-0.04813531212501193,-0.039873380345902244,-0.10079633605138515,0.37091008350125354
0.3685669143327338,0.9860852688566081,0.04128785389856799,-0.048311547701147775,-0.04015057876998017,-0.10357077258350754,0.38182283774309145
0.3570749984385147,1.011635263441208,0.028544632061445425,-0.04819863499453053,-0.039585310592159126,-0.10010692019465482,0.36719860281002314
0.3504135919585802,1.0171053914396053,0.0234134399237843,-0.04820170683856697,-0.03935764525213871,-0.09824563836120802,0.358816361495802
0.37058648181958165,0.9877605485706848,0.052826600689919546,-0.04828831280302193,-0.040644860120652944,-0.1040882059143337,0.3844145000056707
0.35459397481362553,1.0105165435608698,0.057407282189009146,-0.048221228359824314,-0.04086387893784133,-0.09945795826027919,0.36406858270464904
0.3604742210815115,0.9953526352553056,0.027353321487968683,-0.048291668085487786,-0.03955572527179279,-0.10125496725386154,0.371502653560581
0.3495633704444128,1.012842293626557,0.03636351125461729,-0.04823570647821098,-0.03993652001379044,-0.09807639189159648,0.3577514631175396
0.366463888331959,0.9884664183600808,0.030991924957189197,-0.048306293186557825,-0.03971381701927501,-0.10296860207512555,0.3791309801414824
0.37906133711945056,0.9876329638330003,0.06752462186225758,-0.048242042312738535,-0.041298931412969836,-0.106366555097562,0.39536137642932334
0.3383026310696177,1.0258667547413418,0.031900524125700304,-0.04821863386497345,-0.03973812305241818,-0.09488339061829373,0.34375233719896925
0.3578419601860001,1.0133811514745297,0.04709836405035871,-0.04818196688276663,-0.04041450556612278,-0.1002872464912388,0.36816813677497895
0.35881697294743115,1.0194512253544954,0.029586364589319427,-0.048134104944429906,-0.03961828830293581,-0.10046060679990858,0.36940200331548345
0.3949935745812268,0.9645967779419764,0.05138885911991088,-0.04832954333140987,-0.040574114036314675,-0.11103825827375831,0.4162569348401315
0.3905297038396397,0.9705978050341432,0.056334577746355516,-0.0483069921051458,-0.040788952681500575,-0.10973217488632295,0.41036040373694793
0.38648881254631656,0.9744811809042785,0.022556324368350148,-0.0482990931701241,-0.03935336661962016,-0.10857899623151937,0.4050509400631077
0.3665237396324068,1.0017396360457262,0.04492213748405816,-0.04821181187823892,-0.040313946147769314,-0.10278399191273922,0.37920749217274197
0.3598561820797616,1.0115223454623172,0.05866003121409076,-0.04818269382606725,-0.04093332613473664,-0.10085326523991132,0.3707187516728656
0.34937734453437175,1.0286270810721592,0.024916342805683406,-0.04813044087389718,-0.039403083212187176,-0.09781027904298228,0.35751861567285537
0.35276626818961443,1.0190249674845249,0.018013366816801303,-0.04817424575978313,-0.03910528626764192,-0.0988489119133531,0.3617689164716844
0.3670760222264076,0.993652016341146,0.007649498440312482,-0.048265993774562206,-0.038697408435601405,-0.10305455395007371,0.37991378144718624
0.34962190901892115,0.9980562048242227,0.028179158974170154,-0.04833550347646913,-0.03960136609743781,-0.09829576454776824,0.3578247465478086
0.35668181382725644,1.0149937864069707,0.0206520981375701,-0.048177884812815215,-0.039225565057210046,-0.09995363988533776,0.36670192604987784
0.3615759095622287,0.9982515026791587,0.047005063212083475,-0.04826506570003227,-0.0403989427328902,-0.10150847599930765,0.3729014922160361
0.34828532694077946,1.009515359295494,0.04658130893335442,-0.04826585741856633,-0.04038051361333416,-0.09777889440489579,0.3561528226432711
0.3551001238627403,1.0069137786828921,0.029778637790065357,-0.04824292058850819,-0.039649367473005064,-0.09964472983985205,0.3647063521048515
0.34341243201617855,1.026098473457973,0.07019576508471438,-0.04818495043537699,-0.04144973734282873,-0.09624924871075174,0.35008065206141814
0.3507520384835984,1.0147445300867792,0.05553197458960845,-0.048215625869280694,-0.04078285592793503,-0.09836892622195598,0.35924057557198164
0.35288777606680855,1.021990202508027,0.02873486512718259,-0.04815332841349371,-0.039583581337100986,-0.09884002456730798,0.3619216394487048
0.3590686169167622,1.0179714593569575,0.054447184962466325,-0.04814278822795053,-0.04075559025750864,-0.10054919697446583,0.3697206976936851
0.34947582801131205,1.0090698282963613,0.007579110747492211,-0.04826173893235757,-0.03869162252191528,-0.09810474810996933,0.3576418801466086
0.3518761936995389,0.9926063745741134,0.042876463377755296,-0.04835970021325754,-0.040215172614959084,-0.09897907798123441,0.3606508832959343
0.3622283735121387,0.9962299321885056,0.008289755807697294,-0.04827547564972635,-0.038731066872675475,-0.10171358125663894,0.3737308418669707
0.3358605437410276,1.0244740457653931,0.054805053327142195,-0.04824305773078411,-0.04074270801600669,-0.09424617462322697,0.3407419294746197
0.37291719765194703,1.0007069261206434,0.0008267228957388908,-0.048182008189799404,-0.038337064463740536,-0.10451225721214791,0.3874135537520127
0.3780009080022799,0.9826303361017474,0.02097037077919365,-0.04828454735728304,-0.039280327849636115,-0.10616244839882384,0.3939852978587792
0.36448108609822916,0.9985227444256876,0.05995375455127593,-0.04824638694323456,-0.040966325709212895,-0.1022844726992577,0.37659943980922206
0.3603852441341219,0.9976077174409538,0.05087768892626476,-0.048276433412638035,-0.04056400552605467,-0.10119803895235745,0.37138976089443054
0.3765686415955669,0.9936110342803767,0.025427416925007294,-0.04821239192164026,-0.0394503872189272,-0.10560214713367073,0.39212958530800335
0.3480070177686917,1.018299079207293,0.03234205895612933,-0.04820842103867309,-0.039756055226493794,-0.09758449694691403,0.3558050341271839
0.3752396439357654,0.9829675877659081,0.053177706401162705,-0.04829721778982324,-0.040657575225099156,-0.10541459563114582,0.3904106323224017
0.36248738688118737,0.9955744794089965,0.013959172256564272,-0.04827859107179725,-0.038976714057765864,-0.10179288081052588,0.37406026098998946
0.3657130505366517,0.9902008433353932,0.04883151270776671,-0.04829819511260083,-0.040472202876917614,-0.10274040623018653,0.37817161562237267
0.36452873004508973,0.9877235929251126,0.05153467062887034,-0.048322373084813526,-0.04058185924709229,-0.10245895807539974,0.3766601961164884
0.36241869746043126,1.0179660943339408,0.03580118932961469,-0.04812231908757118,-0.039902209326148186,-0.10144416274656576,0.37397288990214483
0.3667731193152264,0.9985853075412559,0.04790415340606629,-0.04823271272497997,-0.040442833272140405,-0.10289851464609882,0.3795263525931416
0.3644513736514365,0.9922032093517508,0.021786989037104132,-0.04829114778502248,-0.03931772739021581,-0.10237102171054538,0.3765615518507275
0.35663250132128055,1.0053115015093217,0.03898073650146236,-0.048244876179796864,-0.04005144189753163,-0.1000787873043488,0.36663965080895955
0.36163126526388767,1.0005204312446485,0.031626769440447094,-0.04824886884972088,-0.039731109730464925,-0.10148994695144654,0.3729718290291961
0.3535378281220393,1.0195323060428385,0.052074903316287884,-0.04816604153050666,-0.04064171910896315,-0.09904824021780763,0.36273907836898656
0.3659538267642943,0.9985555784203967,0.05162413911318008,-0.0482376524705465,-0.04060498026764341,-0.10267917620956213,0.37847916409288573
0.36200457826902616,0.9898656379260746,0.057148341154547325,-0.04832141901889172,-0.040818596262259484,-0.10174747980712624,0.37344629917591443
0.3554738874212102,1.0155104772741126,0.029046446063816112,-0.04818168118709041,-0.039603959999846616,-0.09962298989829103,0.36517756663176204
0.36099261842645447,1.0024687016772353,0.06169043324283722,-0.04823897865248804,-0.04104525081233948,-0.10128994704208802,0.37216063631822505
0.3536323335811138,1.0072110269629424,0.04367249275905147,-0.048249600671622206,-0.04025590388633188,-0.09924659339981166,0.3628579734929076
0.3548365645771474,1.0085318143731132,0.0517820701868766,-0.04823338343549801,-0.04061288518106399,-0.09955108823959766,0.364374206310361
0.34991126124909855,1.023999928899522,0.010853236077437923,-0.04815824563867501,-0.03877344338226701,-0.09801634318368976,0.3581870594647707
0.3632593504482491,1.0080418718023776,0.07208483051065612,-0.04818663243025702,-0.041533373193244974,-0.10181535896458212,0.37504268998008894
0.3456860073907657,1.0028420328768517,0.03180958805269118,-0.048326162060060684,-0.039751778142837,-0.09717040772596376,0.35290923718785616
0.384871646385858,0.9851296739830799,0.05695270075110618,-0.04822835856066639,-0.04084144130369014,-0.10796632456818725,0.4029335948920316
0.3565773231615899,1.0078722271932423,0.02759040953297928,-0.048227548216643226,-0.039549953776619386,-0.10002736369275031,0.36656997252272294
0.3547977445540017,1.0278648845222276,0.017098412734674894,-0.04810137557684194,-0.03903084115384317,-0.09926776984178753,0.3643252932352228
0.3568924816544815,1.0048969050868501,0.03835423968433755,-0.04824620282755703,-0.04002414104618664,-0.10015449739818208,0.3669680147693988
0.3656098379094377,1.0008296938786991,0.009081746477455202,-0.04822356641178829,-0.03873323937873319,-0.10255270440697739,0.3780398081466039
0.3850053061941611,0.9841476818913188,0.06049421196179807,-0.048234930084965676,-0.040994532251330894,-0.10801853599701673,0.4031084326638168
0.37082554697850556,0.9862944603159356,0.04893659531979274,-0.048297515453716716,-0.04047679774763854,-0.10417520279922117,0.38472171757436824
0.36184579251652843,1.0012466274392564,0.03228655107767864,-0.048242539534851234,-0.039758876820239444,-0.1015368315084479,0.3732444601809317
0.38331799305078856,0.9872399995743418,0.04643917781174804,-0.048221287006808805,-0.040379969122446055,-0.10751471831971943,0.40090343165952325
0.33365707969148667,1.0414714570282746,0.01856524618783042,-0.048147395485634285,-0.039118686645563304,-0.09344220150899896,0.3380334279461905
0.3607891756990241,1.0152569275037535,0.008649443535074922,-0.04815111505905513,-0.038669017179301116,-0.10104847571149411,0.3719023635012506
0.3733413779829643,0.9927124603357442,0.03273564391464603,-0.048237186175344345,-0.03977771912645715,-0.10475095973480238,0.3879603048589779
0.35181005655774494,1.0148424172725121,0.04714846254848572,-0.04820852888799702,-0.04041304376423388,-0.09865112610122406,0.3605678567440722
0.36435633803927536,1.005401224197224,0.05554008430300157,-0.04819867919096445,-0.04078840132019032,-0.10214835667554442,0.3764403761495907
0.35412735393861905,0.9972633555695293,0.02491500006751201,-0.04831489304451917,-0.03945854456664217,-0.09952001098715127,0.36348097425378656
0.3505370211212809,1.006195182143157,0.016501543761986405,-0.04827489739793116,-0.0390842623096831,-0.09842947519944614,0.35897104895073073
0.3743528389787679,0.9971378841368295,0.032705129574378586,-0.048199460257091924,-0.03977085214456458,-0.10495260546587677,0.3892652022715515
0.3462504211009116,1.003673966559397,0.07367229340606303,-0.04831725661770796,-0.04151756994120262,-0.09731112567803056,0.35361266189382223
0.3704548335375974,0.9957775117177992,0.018276458260952273,-0.04823156943233727,-0.03914193745670754,-0.10392895918658168,0.38424536058383385
0.35594943115647126,1.0199261028420994,0.07122193679073088,-0.04814849068890125,-0.04151824171729174,-0.09968754471259486,0.3657774135813461
0.35436085480485113,1.0074743114378983,0.030020528441655165,-0.048243467140412846,-0.03966004465411049,-0.0994384099156479,0.36377497587589325
0.36201714753371816,1.0184406678172386,0.06051992356991765,-0.04812147003050242,-0.04104158536306633,-0.10132997754052882,0.37346227817471744
0.3521157923316694,0.9967662032203312,0.07850052977612357,-0.048329891921773886,-0.041711778388491605,-0.09898542359899716,0.3609517249704368
0.368429530835228,1.0015055901721928,0.048878871867908215,-0.04820237245034479,-0.04049089472538576,-0.10329820279026014,0.3816467730588946
0.36157594213983174,1.0127023996518822,0.04225573739728291,-0.048164134907564354,-0.04019784644699833,-0.10129621294161917,0.3729015336088122
0.3830178905993157,0.9933182756602833,0.04142544045163569,-0.04817800840232868,-0.040159910409343406,-0.1073341253507531,0.4005117406402132
0.35615470198958626,1.020981667829056,0.05628774859744118,-0.048139985083326536,-0.04084055557003536,-0.09972741274025024,0.3660364496475046
0.3813409079110604,0.9733415033676861,0.04850793123913028,-0.04833493432255916,-0.040452297396340584,-0.10721225915912827,0.39832565695666755
0.3507293004326111,1.0343944001104093,0.08824389548028305,-0.04808299893115968,-0.042356279427302114,-0.09809198299693578,0.35921206978906794
0.3567186662876681,1.0084894772170363,0.04094801645777631,-0.048222452246676685,-0.04013769105284868,-0.10005643978902613,0.3667484683667861
0.37196529881279683,1.0058046750043552,0.039019898687188526,-0.04815097171679521,-0.040051140201815966,-0.1041783321173889,0.38618764514739357
0.3666815826290795,1.0040522195613577,0.04323931357058298,-0.048194520023755676,-0.04024046338823453,-0.10279137489052434,0.3794093010068016
0.3725502878836404,0.9907264421785094,0.06940359192047973,-0.048255976184715985,-0.04137296073655797,-0.10456971570828813,0.3869408548193214
0.3624145925306081,1.0065585968394184,0.02383272953475833,-0.04820202983886438,-0.039376410326228455,-0.10161104593443841,0.3739676687780231
0.339618374826199,1.025277998566303,0.044106414310498464,-0.048214213818119134,-0.04027761420138609,-0.09524368443284767,0.3453780349223663
0.3642663050375884,0.9987757783398825,0.05536731776781292,-0.04824584431526903,-0.04076642797269457,-0.10222304888709952,0.3763255922397295
0.35388422214225335,0.9969430779413638,0.048719537752240964,-0.04831849368889885,-0.04046396532517687,-0.09945909552190908,0.3631749365476371
