Q0,g,C,N,D,Q,L_total,L_classic,L_quality,L_recipe,s_quality,s_train,s_attn,regime_Q
0.3,exp,1e+19,207655050.2734226,4611748834.731059,0.6938537401175172,3.070866188376914,3.1024268047361088,0.12604469050940495,-0.15760530686859975,0.26850638127068016,0.5745917616746857,0.1569018570546342,interior
0.3,exp,1.3335214321633241e+19,240975718.39302146,5201687707.214478,0.7268557743662737,3.005402749265681,3.0458377874144325,0.11190047303820046,-0.1523355111869517,0.28200742023046355,0.5639866305269714,0.154005949242565,interior
0.3,exp,1.7782794100389229e+19,279632484.3324979,5867976194.634169,0.7598601934447579,2.94223011253678,2.991581654925148,0.09789165189867738,-0.14724319428704546,0.29517976855435657,0.5536396874573027,0.1511805439883408,interior
0.3,exp,2.3713737056616554e+19,324532229.24059844,6618603770.499908,0.7929075664616552,2.8812762973349444,2.939591134579067,0.08400208332435462,-0.14231692056847722,0.3081266337625708,0.5434698624613237,0.14840350377610545,interior
0.3,exp,3.162277660168379e+19,376744682.4831314,7462155149.376858,0.8260326352356626,2.82246727300257,2.8897966173550467,0.07021750010442762,-0.1375468444569045,0.32093115959037943,0.5334118457344108,0.14565699467520976,interior
0.3,exp,4.216965034285823e+19,437533819.4458035,8407754422.968549,0.8592672784663035,2.7657279934887544,2.84212797524044,0.056524411894875046,-0.1329243936465609,0.33366282509790235,0.523411061140106,0.14292611376199163,interior
0.3,exp,5.6234132519034905e+19,508396288.89964956,9465027393.981485,0.8926398302793797,2.710983187734012,2.796514743140813,0.042910439249859975,-0.12844199465666128,0.3463780259288324,0.5134232096285879,0.14019876444257975,interior
0.3,exp,7.498942093324558e+19,591105846.3736889,10644035155.92799,0.9261765922388094,2.6581579628232253,2.752887189571009,0.029363750571842352,-0.12409297731962626,0.3591240821761867,0.5034111210388144,0.1374647967849989,interior
0.3,exp,1e+20,687771151.7164112,11955160994.419867,0.9599017792079246,2.607178262099857,2.711176437452124,0.01587311928730145,-0.11987129463956794,0.3719390643964701,0.4933448907652361,0.1347160448382938,interior
0.3,exp,1.333521432163324e+20,800900373.6149338,13409009130.90878,0.9938384048347191,2.557971210069306,2.6713151768540393,0.002427588898120868,-0.11577155568285406,0.3848548841988639,0.48319945208509846,0.13194566371603758,interior
0.3,exp,1.778279410038923e+20,884468604.7108427,16573405441.2498,1.0,2.510941701132339,2.6241169842879315,0.0,-0.11317528315559212,0.3703538186319573,0.4945901089505991,0.1350560724174436,ceiling
0.3,exp,2.3713737056616553e+20,966495299.7864338,20881626462.289562,1.0,2.466851540487662,2.577756114609857,0.0,-0.11090457412219505,0.34992050689673027,0.5106405737614709,0.13943891934179897,ceiling
0.3,exp,3.1622776601683794e+20,1057625341.8183684,26237836250.24712,1.0,2.4255068996323557,2.5341511720426038,0.0,-0.10864427241024813,0.3297107364759042,0.5265154457929115,0.14377381773118436,ceiling
0.3,exp,4.216965034285823e+20,1159016882.5561674,32876138095.469276,1.0,2.3867068151801876,2.4931018106008684,0.0,-0.1063949954206811,0.30980317775623467,0.5421529290771092,0.14804389316665598,ceiling
0.3,exp,5.6234132519034906e+20,1271983497.011125,41077664670.5112,1.0,2.350266048380418,2.4544235912014374,0.0,-0.10415754282101951,0.2902757911679379,0.5574917853205347,0.15223242351152735,ceiling
0.3,exp,7.498942093324558e+20,1398017485.848557,51178905054.9723,1.0,2.3160139018631427,2.4179467433115667,0.0,-0.10193284144842389,0.27120398227256,0.5724727830913072,0.15632323463613293,ceiling
0.3,exp,1e+21,1538811199.1432254,63581493693.555916,1.0,2.283793124205252,2.383515108706122,0.0,-0.09972198450086976,0.252659596671504,0.5870394873233892,0.16030091600510682,ceiling
0.3,exp,1.333521432163324e+21,1696285863.5541458,78763507820.6193,1.0,2.253458894492648,2.35098507535431,0.0,-0.09752618086166191,0.2347092046745553,0.6011396067177246,0.16415118860772002,ceiling
0.3,exp,1.7782794100389228e+21,1872614798.459864,97292976182.33151,1.0,2.2248778797055198,2.3202247075841926,0.0,-0.09534682787867306,0.21741352664620095,0.6147254451354727,0.16786102821832638,ceiling
0.3,exp,2.3713737056616553e+21,2070266987.1405842,119843103952.06465,1.0,2.197927358415599,2.291112711189773,0.0,-0.09318535277417402,0.20082515966232825,0.6277556873201234,0.17141915301754837,ceiling
0.3,exp,3.1622776601683794e+21,2292032550.4200006,147211043781.26385,1.0,2.1724944049564456,2.263537742308507,0.0,-0.09104333735206117,0.1849888123379455,0.6401952144391925,0.17481597322286216,ceiling
0.3,exp,4.2169650342858226e+21,2541070542.6544394,180339307114.00235,1.0,2.1484751289065014,2.2373975387358387,0.0,-0.08892240982933712,0.169939943237965,0.65201617361911,0.178043883142925,ceiling
0.3,exp,5.623413251903491e+21,2820952722.570123,220341469695.1141,1.0,2.125773965395836,2.2125982104169037,0.0,-0.08682424502106781,0.15570455369331368,0.663198140689165,0.18109730561752133,ceiling
0.3,exp,7.498942093324559e+21,3135717354.6211085,268532362792.87885,1.0,2.104303012396825,2.1890535327526317,0.0,-0.08475052035580655,0.14229895321180386,0.6737283044523953,0.18397274233580077,ceiling
0.3,exp,1e+22,3489922714.4874864,326464337344.7256,1.0,2.083981411765871,2.166684329473135,0.0,-0.08270291770726422,0.12973011958274913,0.683601183821678,0.18666869659557286,ceiling
0.3,exp,1.3335214321633241e+22,3888715590.239526,395969745197.4464,1.0,2.064734771348255,2.145417839703071,0.0,-0.08068306835481619,0.1179959432255619,0.692818435882728,0.18918562089171026,ceiling
0.3,exp,1.7782794100389228e+22,4337902106.269571,479211799005.50476,1.0,2.0464946259237813,2.125187165117148,0.0,-0.07869253919336658,0.10708596994402322,0.7013882724570408,0.19152575759893595,ceiling
0.3,exp,2.371373705661655e+22,4844030754.608966,578744685353.071,1.0,2.0291979351444427,2.1059307373434923,0.0,-0.07673280219904964,0.09698221258207998,0.7093248225423544,0.19369296487556562,ceiling
0.3,exp,3.1622776601683792e+22,5414481745.418186,697585323090.3065,1.0,2.0127866168911694,2.0875918403939675,0.0,-0.07480522350279828,0.08766018982556929,0.7166473163288889,0.19569249384554196,ceiling
0.3,exp,4.2169650342858225e+22,6057569978.650635,839298339084.5337,1.0,1.997207114656433,2.070118158188689,0.0,-0.07291104353225618,0.07908997455201462,0.723379261715531,0.19753076373245432,ceiling
0.3,exp,5.623413251903491e+22,6782656725.535729,1008097457802.325,1.0,1.9824099976520146,2.053461369651998,0.0,-0.0710513719999833,0.07123732312563208,0.7295475572431672,0.1992151196312008,ceiling
0.3,exp,7.498942093324558e+22,7600321421.763352,1208959118903.966,1.0,1.9683495923610594,2.0375766773503985,0.0,-0.06922708498933908,0.06406438885304488,0.7351819316717809,0.20075367947517433,ceiling
0.3,exp,1.0000000000000001e+23,8522371239.851584,1447784104011.796,1.0,1.954983644218449,2.0224227640926067,0.0,-0.06743911987415777,0.0575319210885587,0.7403132165726654,0.20215486233877583,ceiling
0.3,exp,1.3335214321633241e+23,9562221608.295485,1731534227353.7593,1.0,1.9422730080361312,2.0079610129880603,0.0,-0.06568800495192913,0.05159839024622252,0.7449740336356652,0.2034275761181123,ceiling
0.3,exp,1.7782794100389228e+23,10734900047.448372,2068458198557.4666,1.0,1.9301813657004163,1.9941556168759993,0.0,-0.06397425117558303,0.04622232861145576,0.7491969559503647,0.2045807154381796,ceiling
0.3,exp,2.371373705661655e+23,12057280084.021477,2468326621917.2295,1.0,1.9186749695887884,1.9809732229280121,0.0,-0.06229825333922372,0.0413625875497664,0.7530143059674019,0.2056231064828319,ceiling
0.3,exp,3.162277660168379e+23,13548428703.64188,2942690853217.6465,1.0,1.907722410077571,1.9683825647427255,0.0,-0.06066015466515453,0.03697853585110926,0.7564579996980186,0.20656346445087226,ceiling
0.3,exp,4.2169650342858225e+23,15229698709.075626,3505248158493.1035,1.0,1.8972944054641818,1.956354474770151,0.0,-0.059060069305969104,0.03303116123833926,0.7595586814738643,0.20741015728779652,ceiling
0.3,exp,5.623413251903491e+23,17125138285.586393,4172214814434.469,1.0,1.8873636126037994,1.9448615555852915,0.0,-0.05749794298149208,0.02948300410690034,0.7623457759947891,0.20817121989831044,ceiling
0.3,exp,7.498942093324558e+23,19261730472.283005,4962814945552.86,1.0,1.8779044565657999,1.9338781026280492,0.0,-0.055973646062249194,0.02629863173254718,0.7648471158363945,0.20885425243105812,ceiling
0.3,exp,1e+24,21669869331.081314,5899812173479.308,1.0,1.868892977646743,1.92337987585415,0.0,-0.054486898207407174,0.023444623232247067,0.7670889532633166,0.2094664235044363,ceiling
0.3,pow,1e+19,193250391.84053028,5205341677.040313,0.5582134086066363,3.1111985699095404,3.0904306895707365,0.18098386306083566,-0.1602159827220319,0.23162712996456142,0.60356059125113,0.16481227878430857,interior
0.3,pow,1.3335214321633241e+19,230124481.03028458,5599418209.259772,0.6037273582156607,3.046849958827373,3.0389472681380925,0.1618506810639163,-0.1539479903746358,0.26191203366674276,0.5797716534875815,0.15831631284567563,interior
0.3,pow,1.7782794100389229e+19,275831562.4673758,5953690670.576419,0.6550227993036074,2.983905595130496,2.9910660530569406,0.14054396475120787,-0.14770442267765266,0.294604599436654,0.5540914855702864,0.15130391499305956,interior
0.3,pow,2.3713737056616554e+19,333389807.64927125,6236701362.2189455,0.7135550519526972,2.922150817774377,2.9471200420329775,0.1164746253864248,-0.14144384964502515,0.3302547153307606,0.5260881477816607,0.1436571368875788,interior
0.3,pow,3.162277660168379e+19,407326370.9461239,6408202329.2834,0.7813828750421007,2.8613263918314362,2.9076467465454474,0.08879500488129272,-0.1351153595953042,0.36950573479380305,0.4952562828913361,0.13523798231486084,interior
0.3,pow,4.216965034285823e+19,504769679.00202566,6418591316.245927,0.8615483048457047,2.8011075888899946,2.8735291693652503,0.0562307175215741,-0.1286522979968298,0.4131388221407379,0.46098228256645024,0.125878895292812,interior
0.3,pow,5.6234132519034905e+19,637663013.4702885,6209641934.1289,0.9588098673042235,2.7410672703333825,2.846277001385521,0.016751789754036083,-0.12196152080617495,0.4621512262876651,0.4224828029788974,0.11536597073343757,interior
0.3,pow,7.498942093324558e+19,735841116.8208419,7087747294.002165,1.0,2.681603246409023,2.7996381042103304,0.0,-0.11803485780130737,0.46875522263193925,0.4172953320339815,0.11394944533407923,ceiling
0.3,pow,1e+20,798988856.1386466,9039550899.950687,1.0,2.6257739811676264,2.7416087737751216,0.0,-0.1158347926074953,0.4483165268830543,0.43335002601352035,0.1183334471034253,ceiling
0.3,pow,1.333521432163324e+20,868626024.2899765,11501413908.666887,1.0,2.5736018944419117,2.6872456056710208,0.0,-0.11364371122910898,0.427749122768109,0.44950582103468606,0.12274505619720495,ceiling
0.3,pow,1.778279410038923e+20,945538343.2643698,14597717910.892008,1.0,2.5248143388188318,2.6362759057056446,0.0,-0.11146156688681295,0.40712039722421506,0.4657097843337229,0.12716981844206193,ceiling
0.3,pow,2.3713737056616553e+20,1030616454.7698035,18480501280.436977,1.0,2.4791597567241648,2.588448202883149,0.0,-0.10928844615898406,0.3865019076559006,0.4819057072246278,0.1315923851194717,ceiling
0.3,pow,3.1622776601683794e+20,1124871081.7394764,23334888587.806866,1.0,2.4364060839025683,2.5435306419168375,0.0,-0.10712455801426911,0.3659684328449071,0.49803485061407593,0.135996716541017,ceiling
0.3,pow,4.216965034285823e+20,1229449786.9603634,29385432133.01429,1.0,2.396339276777302,2.501309514382171,0.0,-0.10497023760486886,0.34559700988454156,0.5140367014941284,0.14036628862132997,ceiling
0.3,pow,5.6234132519034906e+20,1345654195.2007964,36903528941.337,1.0,2.3587619534869297,2.46158793407951,0.0,-0.10282598059258005,0.32546612455097207,0.5298496089094794,0.14468426653954852,ceiling
0.3,pow,7.498942093324558e+20,1474963090.4720287,46215997088.42815,1.0,2.323492139075868,2.424184543113886,0.0,-0.10069240403801812,0.3056540972147218,0.545412051831754,0.1489338509535243,ceiling
0.3,pow,1e+21,1619053891.187268,57715123227.115005,1.0,2.290362105955688,2.3889323939442817,0.0,-0.0985702879885941,0.28623815364487687,0.5606633690472793,0.15309847730784373,ceiling
0.3,pow,1.333521432163324e+21,1779830826.906085,71870281342.30156,1.0,2.259217301367683,2.355677846092664,0.0,-0.0964605447249811,0.26729278714246363,0.5755450457092084,0.15716216714832784,ceiling
0.3,pow,1.7782794100389228e+21,1959451962.87755,89241585853.36832,1.0,2.2299153541769146,2.3242796031087627,0.0,-0.09436424893184793,0.24888869687249696,0.5900015472828104,0.16110975584469278,ceiling
0.3,pow,2.3713737056616553e+21,2160367043.2238965,110495612711.93387,1.0,2.2023251539249316,2.2946077257496027,0.0,-0.09228257182467124,0.23109094527635132,0.6039817669069298,0.16492728781671895,ceiling
0.3,pow,3.1622776601683794e+21,2385348828.044031,136424157569.59251,1.0,2.1763259956707097,2.2665428320598044,0.0,-0.0902168363890946,0.21395831807835872,0.6174395281118883,0.16860215380975296,ceiling
0.3,pow,4.2169650342858226e+21,2637538663.8984427,167965919754.6015,1.0,2.1518067847614115,2.2399752382763163,0.0,-0.0881684535149049,0.19754182741617776,0.6303347606177908,0.17212341196603143,ceiling
0.3,pow,5.623413251903491e+21,2920493355.0583105,206232130141.26648,1.0,2.1286652962952233,2.2148042019680236,0.0,-0.0861389056728005,0.1818838850389302,0.6426341497913723,0.17548196516969744,ceiling
0.3,pow,7.498942093324559e+21,3238231320.591847,252537197181.85007,1.0,2.1068074846616165,2.1909372494125567,0.0,-0.08412976475094033,0.16701798918254138,0.654311382606927,0.17867062821053156,ceiling
0.3,pow,1e+22,3595301169.836412,308433987459.7302,1.0,2.086146839158018,2.168289435137308,0.0,-0.08214259597928988,0.1529678360806532,0.6653478455587664,0.1816843183605805,ceiling
0.3,pow,1.3335214321633241e+22,3996833066.464372,375757227716.59485,1.0,2.066603782270598,2.1467827987913153,0.0,-0.08017901652071757,0.13974788300456878,0.6757321823906299,0.18451993460480137,ceiling
0.3,pow,1.7782794100389228e+22,4448626352.971788,456672970218.9273,1.0,2.048105107752366,2.126345693652949,0.0,-0.07824058590058262,0.12736297698859353,0.6854605857337192,0.18717643727768757,ceiling
0.3,pow,2.371373705661655e+22,4957216649.725111,553739664993.4843,1.0,2.030583456116688,2.106912308524503,0.0,-0.07632885240781523,0.11580932444255668,0.6945360354713893,0.18965464008605407,ceiling
0.3,pow,3.1622776601683792e+22,5529979154.337895,669978441472.2256,1.0,2.0139768255731934,2.0884221003294363,0.0,-0.07444527475624274,0.10507483648050622,0.7029680274817974,0.19195713603769618,ceiling
0.3,pow,4.2169650342858225e+22,6175232813.005568,808957338088.784,1.0,1.9982281167561329,2.070819324199733,0.0,-0.07259120744360018,0.09514008026226838,0.7107718263545232,0.19408809338320845,ceiling
0.3,pow,5.623413251903491e+22,6902330377.063323,974894745381.2576,1.0,1.9832847098287247,2.0540526609898317,0.0,-0.07076795116110696,0.08597964035600143,0.7179673960337233,0.19605296361027533,ceiling
0.3,pow,7.498942093324558e+22,7721823656.31335,1172774768182.222,1.0,1.9690980726936576,2.0380747055256476,0.0,-0.06897663283199004,0.07756262670673746,0.724579000806396,0.19785837248686655,ceiling
0.3,pow,1.0000000000000001e+23,8645614672.389383,1408487144097.3105,1.0,1.9556233991099654,2.022841610071623,0.0,-0.06721821096165762,0.06985391991150611,0.7306342271327717,0.19951185295572216,ceiling
0.3,pow,1.3335214321633241e+23,9687007792.930748,1689012220051.1523,1.0,1.942819275523002,2.0083129397561437,0.0,-0.06549366423314164,0.06281605906966595,0.736162500730782,0.2010214401995522,ceiling
0.3,pow,1.7782794100389228e+23,10861099840.344673,2022589513957.5925,1.0,1.9306473753758793,1.9944509879190069,0.0,-0.0638036125431277,0.05640864218437486,0.7411955575635932,0.20239580025203185,ceiling
0.3,pow,2.371373705661655e+23,12184762931.676443,2418989255200.992,1.0,1.9190721796024814,1.9812208774647968,0.0,-0.06214869786231533,0.05059083341662487,0.7457654743794842,0.20364369220389117,ceiling
0.3,pow,3.162277660168379e+23,13677060004.16717,2889762768514.4585,1.0,1.9080607219263417,1.9685900275281314,0.0,-0.06052930560178978,0.04532106282433259,0.7499049045682349,0.20477403260743268,ceiling
0.3,pow,4.2169650342858225e+23,15359356769.908442,3448602280919.368,1.0,1.8975823575128603,1.9565281202682523,0.0,-0.058945762755391935,0.04055841789808959,0.7536459851030927,0.20579559699881786,ceiling
0.3,pow,5.623413251903491e+23,17255702933.137543,4111720312343.011,1.0,1.8876085534628657,1.9450067842268217,0.0,-0.05739823076395611,0.03626281045975515,0.7570202054411224,0.2067169840991225,ceiling
0.3,pow,7.498942093324558e+23,19393099329.459873,4898331946257.081,1.0,1.8781126995955209,1.933999469941018,0.0,-0.05588677034549694,0.03239560592031707,0.7600579132381255,0.2075464808415575,ceiling
0.3,pow,1e+24,21801911827.98641,5831202208001.363,1.0,1.8690699379540716,1.923481246914844,0.0,-0.05441130896077235,0.028919847350582763,0.7627881383400323,0.2082920143093848,ceiling
0.3,log,1e+19,305015562.16025746,2297248999.5881343,1.0,3.0582061778824245,3.2025545935287676,0.0,-0.144348415646343,0.46477983646716664,0.4204180170188783,0.11480214651395504,ceiling
0.3,log,1.3335214321633241e+19,331363552.67626256,2928056120.839395,1.0,2.9816742005796315,3.1233152394776402,0.0,-0.14164103889800864,0.4442409652886793,0.4365513992809913,0.11920763543032936,ceiling
0.3,log,1.7782794100389229e+19,360440961.60944986,3723058411.889319,1.0,2.9101428653694903,3.0490873333578614,0.0,-0.13894446798837118,0.4235835226385525,0.4527779200053264,0.12363855735612114,ceiling
0.3,log,2.3713737056616554e+19,392580886.3862161,4722072604.134462,1.0,2.8432393426014193,2.9794980176183943,0.0,-0.13625867501697492,0.4028764373957305,0.46904343522538966,0.12808012737887978,ceiling
0.3,log,3.162277660168379e+19,428161345.7184691,5973696869.689145,1.0,2.7806196520016835,2.9142034436134123,0.0,-0.13358379161172887,0.3821927008867814,0.4852906099025073,0.13251668921071133,ceiling
0.3,log,4.216965034285823e+19,467611921.1134833,7537012441.130376,1.0,2.721966480635584,2.852886571925885,0.0,-0.1309200912903013,0.3616083412970863,0.5014597235307764,0.13693193517213736,ceiling
0.3,log,5.6234132519034905e+19,511420614.51464045,9483570763.228083,1.0,2.6669871701974652,2.7952551917588617,0.0,-0.12826802156139633,0.34120162969710743,0.5174892938072574,0.1413090764956351,ceiling
0.3,log,7.498942093324558e+19,560141582.3003926,11899706787.08849,1.0,2.6154118596289164,2.7410400848781458,0.0,-0.12562822524922923,0.32105206533708625,0.5333168736878774,0.1456310609750364,ceiling
0.3,log,1e+20,614404912.1466254,14889211674.16187,1.0,2.566991769990175,2.689993273175368,0.0,-0.1230015031851929,0.3012388020751203,0.5488802874357559,0.14988091048912375,ceiling
0.3,log,1.333521432163324e+20,674926186.2510215,18576452699.03574,1.0,2.5214976193828442,2.6418864722202633,0.0,-0.12038885283741921,0.2818395870190282,0.5641184643231344,0.15404194865783724,ceiling
0.3,log,1.778279410038923e+20,742518410.4403325,23109981113.632122,1.0,2.478718156562333,2.596509599454768,0.0,-0.11779144289243473,0.2629291868470885,0.5789726747640173,0.1580981383888943,ceiling
0.3,log,2.3713737056616553e+20,818104019.4724619,28666757776.91638,1.0,2.438458802703922,2.553669441917862,0.0,-0.11521063921394033,0.24457822259527376,0.5933874455944123,0.16203433181031415,ceiling
0.3,log,3.1622776601683794e+20,902730769.3954448,35457026663.63294,1.0,2.4005403916126142,2.5131883308932372,0.0,-0.11264793928062296,0.2268514302215284,0.6073119264074714,0.1658366433710002,ceiling
0.3,log,4.216965034285823e+20,997585796.8420739,43730110471.19206,1.0,2.364797999505227,2.4749030238686553,0.0,-0.11010502436342832,0.2098069073885528,0.6207004812092433,0.16949261140220404,ceiling
0.3,log,5.6234132519034906e+20,1104016625.313938,53781057921.53707,1.0,2.331079856348592,2.4386635099089427,0.0,-0.10758365356035063,0.1934944660381995,0.6335139824794201,0.17299155148238035,ceiling
0.3,log,7.498942093324558e+20,1223547797.4129555,65958691216.3766,1.0,2.2992463316077845,2.4043320657250753,0.0,-0.10508573411729066,0.17795542714485682,0.6457199723935456,0.17632460046159754,ceiling
0.3,log,1e+21,1357907958.115579,80674789948.63605,1.0,2.269168988132719,2.3717821788714675,0.0,-0.10261319073874864,0.16322138212302023,0.6572936357433337,0.17948498213364633,ceiling
0.3,log,1.333521432163324e+21,1509050019.5714676,98415377944.72147,1.0,2.2407296987719283,2.3408977408164775,0.0,-0.1001680420445492,0.14931456465690923,0.6682175078627127,0.1824679274803781,ceiling
0.3,log,1.7782794100389228e+21,1679185313.894937,119753560510.52505,1.0,2.2138198211252975,2.3115720835878695,0.0,-0.09775226246257214,0.1362472177378915,0.6784819718229801,0.18527081043912844,ceiling
0.3,log,2.3713737056616553e+21,1870811044.9009435,145365286522.75186,1.0,2.188339426606528,2.283707254702823,0.0,-0.09536782809629504,0.12402233863159855,0.688084673257542,0.18789298811085947,ceiling
0.3,log,3.1622776601683794e+21,2086749661.137894,176047582318.90182,1.0,2.164196580655205,2.257213214387647,0.0,-0.09301663373244196,0.11263393914822188,0.6970303159183427,0.1903357449334355,ceiling
0.3,log,4.2169650342858226e+21,2330185260.667528,212740698098.82272,1.0,2.1413066714966074,2.2320071812469795,0.0,-0.09070050975037199,0.10206804296366793,0.7053298782752923,0.1926020787610398,ceiling
0.3,log,5.623413251903491e+21,2604715089.1210217,256553605759.95947,1.0,2.1195917852812274,2.208012918311475,0.0,-0.08842113303024775,0.09230332179244594,0.7130001137993984,0.19469656440815572,ceiling
0.3,log,7.498942093324559e+21,2914395954.5959187,308795104630.06665,1.0,2.098980125741212,2.185160182096772,0.0,-0.08618005635556009,0.083312394062544,0.7200625308473941,0.1966250750900618,ceiling
0.3,log,1e+22,3263799376.980793,371010611228.31226,1.0,2.079405476683827,2.1633841735587174,0.0,-0.08397869687489047,0.07506293451219018,0.7265425210681373,0.1983945444196727,ceiling
0.3,log,1.3335214321633241e+22,3658083170.062129,445024792300.7902,1.0,2.060806705717204,2.142624979495558,0.0,-0.08181827377835378,0.06751859771472628,0.7324686339693709,0.2000127683159029,ceiling
0.3,log,1.7782794100389228e+22,4103061084.3027744,532993091853.03766,1.0,2.04312730759254,2.122827135969077,0.0,-0.07969982837653705,0.060640222744868126,0.7378716306465741,0.20148814660855782,ceiling
0.3,log,2.371373705661655e+22,4605284046.414172,637462562997.6188,1.0,2.0263149854749742,2.103939208578254,0.0,-0.07762422310327972,0.05438684829385548,0.7427836864051198,0.20282946530102472,ceiling
0.3,log,3.1622776601683792e+22,5172128836.529634,761444345330.2091,1.0,2.010321268348124,2.0859134202223033,0.0,-0.07559215187417946,0.04871664519727522,0.7472376582551776,0.2040456965475472,ceiling
0.3,log,4.2169650342858225e+22,5811908466.970905,908498098143.5105,1.0,1.9951011626384663,2.068705278495776,0.0,-0.07360411585730949,0.04358762744618237,0.7512665264090523,0.20514584614476522,ceiling
0.3,log,5.623413251903491e+22,6533975281.167009,1082835005697.18,1.0,1.9806128360353927,2.052273308012914,0.0,-0.07166047197752119,0.03895843431353207,0.7549027799171041,0.20613878576936387,ceiling
0.3,log,7.498942093324558e+22,7348877839.632753,1289433570425.4573,1.0,1.9668173313953534,2.036578700049484,0.0,-0.06976136865413075,0.034788698436606945,0.7581781275372275,0.20703317402616556,ceiling
0.3,log,1.0000000000000001e+23,8268446756.815561,1534191634588.8713,1.0,1.9536783085632194,2.0215852080821852,0.0,-0.0679068995189657,0.031039793124792,0.7611229107209951,0.20783729615421306,ceiling
0.3,log,1.3335214321633241e+23,9306086394.90103,1824072741087.463,1.0,1.94116181192551,2.0072586620263633,0.0,-0.06609685010085327,0.0276746005477915,0.7637662857029286,0.2085591137492797,ceiling
0.3,log,1.7782794100389228e+23,10476763166.42206,2167340698180.672,1.0,1.9292360615293225,1.9935671515458946,0.0,-0.06433109001657207,0.024658485205645526,0.766135458835113,0.20920605595924152,ceiling
0.3,log,2.371373705661655e+23,11797392792.416689,2573764036066.9233,1.0,1.917871265651296,1.98048051019069,0.0,-0.0626092445393939,0.021958766255309622,0.7682561010772074,0.20978513266748278,ceiling
0.3,log,3.162277660168379e+23,13286971455.402521,3054915567302.307,1.0,1.9070394527851706,1.9679703390437804,0.0,-0.06093088625860971,0.019545123515935948,0.770152029077344,0.2103028474067201,ceiling
0.3,log,4.2169650342858225e+23,14966889718.087112,3624494560918.0215,1.0,1.8967143211189204,1.9560097940028127,0.0,-0.05929547288389246,0.017389482589434475,0.7718452954104777,0.21076522200008777,ceiling
0.3,log,5.623413251903491e+23,16861125053.761889,4298745418334.261,1.0,1.8868711036951078,1.9445735574814218,0.0,-0.05770245378631406,0.015466104266083056,0.7733561183498511,0.211177777384066,ceiling
0.3,log,7.498942093324558e+23,18996704072.73261,5096895998643.213,1.0,1.877486447579875,1.9336375950939104,0.0,-0.056151147514035424,0.013751338721624972,0.7747030749463566,0.21154558633201845,ceiling
0.3,log,1e+24,21403917102.43543,6041752781355.784,1.0,1.8685383055037303,1.9231791831902458,0.0,-0.05464087768651559,0.012223685243511008,0.7759030541132874,0.2118732606432017,ceiling
0.5,exp,1e+19,186068623.06212896,5652373962.923146,0.6675117564166309,3.0547716900512043,3.0806339223676096,0.13574635209451144,-0.16160858441091688,0.1966469843110592,0.6310376641880033,0.17231535150093746,interior
0.5,exp,1.3335214321633241e+19,220257299.19434428,6145674876.045768,0.7052722039087047,2.9924262607687333,3.028008473036565,0.11991528699683154,-0.15549749926466314,0.22464197181676657,0.6090474666290585,0.16631056155417492,interior
0.5,exp,1.7782794100389229e+19,259632703.53403044,6734638388.571405,0.7420369968656475,2.9317424877043106,2.976942427328128,0.10456155025353986,-0.14976148987735746,0.24893750689440192,0.5899632067754488,0.16109928633014922,interior
0.5,exp,2.3713737056616554e+19,305144693.2449853,7421003656.640943,0.7781066706620084,2.872786674832922,2.927539107771347,0.08958202096517125,-0.14433445390359614,0.27059142523516666,0.5729539495953341,0.1564546251694992,interior
0.5,exp,3.162277660168379e+19,357891883.4621783,8209416131.274297,0.8136925681409796,2.8155882305520845,2.8798553294669906,0.07490290434354499,-0.13917000325845127,0.2903135440785266,0.5574621302273828,0.15222432569409067,interior
0.5,exp,4.216965034285823e+19,419158301.98891157,9106427306.210892,0.8489495132007931,2.760151130736792,2.833916136433892,0.06046910861100141,-0.13423411430810145,0.30860140162502164,0.5430969300180495,0.1483016683569287,interior
0.5,exp,5.6234132519034905e+19,490454513.82519007,10119906908.500431,0.8839961525684119,2.7064614268314022,2.7897248703525896,0.046237474148317144,-0.12950091766950456,0.32581722755919906,0.5295738158049861,0.14460895663581486,interior
0.5,exp,7.498942093324558e+19,573566153.8978881,11258664829.113852,0.918926558852636,2.654492385742295,2.7472695733348136,0.032172937509911285,-0.12495012510242996,0.3422319062365506,0.5166800066218967,0.1410880871415526,interior
0.5,exp,1e+20,670609022.4623313,12532220692.540827,0.9538168236715698,2.604208125803831,2.7065272689189124,0.01824638322659442,-0.12056552634167582,0.3580520390561913,0.5042532160744202,0.13769474486938837,interior
0.5,exp,1.333521432163324e+20,784097792.0371841,13950555975.571411,0.9887303080118497,2.5555662529620062,2.6674672535922923,0.004432870080784538,-0.11633387071107085,0.37343786698952725,0.4921675741075142,0.13439455890295857,interior
0.5,exp,1.778279410038923e+20,875303441.7206584,16904840571.488113,1.0,2.5088574502601495,2.622302456437921,0.0,-0.11344500617777158,0.36441723386548236,0.49925332488572294,0.13632944124879473,ceiling
0.5,exp,2.3713737056616553e+20,956883760.2110454,21282253473.908302,1.0,2.4650061338734983,2.576164301968652,0.0,-0.111158168095154,0.3440372276351201,0.51526191796571,0.14070085439916988,ceiling
0.5,exp,3.1622776601683794e+20,1047558518.7219507,26719476052.284813,1.0,2.423876194758287,2.5327581779909427,0.0,-0.1088819832326555,0.32390359305670546,0.5310769849261321,0.14501942201716247,ceiling
0.5,exp,4.216965034285823e+20,1148487253.225563,33451947137.14335,1.0,2.3852687301681006,2.4918858567560505,0.0,-0.10661712658794986,0.3040949652151113,0.5466367575289761,0.14926827725591243,ceiling
0.5,exp,5.6234132519034906e+20,1260986310.792188,41762101126.21465,1.0,2.3490004152272737,2.453364847195444,0.0,-0.10436443196817052,0.28468866024546335,0.5618805035776105,0.15343083617692618,ceiling
0.5,exp,7.498942093324558e+20,1386549314.7363212,51987712881.34331,1.0,2.314902330543798,2.4170272261194454,0.0,-0.10212489557564726,0.26575934191140593,0.5767495743259797,0.15749108376261425,ceiling
0.5,exp,1e+21,1526871427.3301904,64531586319.70656,1.0,2.2828188764507034,2.3827185293783755,0.0,-0.09989965292767213,0.24737748451395167,0.5911886118711105,0.1614339036149379,ceiling
0.5,exp,1.333521432163324e+21,1683875777.0126772,79872869597.47415,1.0,2.252606766135747,2.350296736726723,0.0,-0.09768997059097613,0.22960805281831034,0.6051465860769452,0.16524536110474453,ceiling
0.5,exp,1.7782794100389228e+21,1859740059.8912208,98580415934.99219,1.0,2.224134090581905,2.319631359935749,0.0,-0.09549726935384414,0.21250956101253662,0.6185775337668595,0.16891290522060382,ceiling
0.5,exp,2.3713737056616553e+21,2056933114.940867,121328232408.67252,1.0,2.197279448915212,2.2906025011790634,0.0,-0.09332305226385149,0.19613256069392998,0.6314417464176295,0.17242569288844067,ceiling
0.5,exp,3.1622776601683794e+21,2278249007.936118,148913908842.3091,1.0,2.1719311384407325,2.2631000580996403,0.0,-0.09116891965890786,0.18051907169047238,0.6437062172519331,0.17577471105759454,ceiling
0.5,exp,4.2169650342858226e+21,2526849165.6335325,182280226205.32864,1.0,2.1479863993344193,2.237022929894494,0.0,-0.08903653056007454,0.16570186129992062,0.6553452073995178,0.17895293130056172,ceiling
0.5,exp,5.623413251903491e+21,2806307660.3221507,222540807089.8898,1.0,2.1253507096349002,2.2122782917508816,0.0,-0.0869275821159812,0.1517041588230725,0.6663404701326934,0.18195537104423415,ceiling
0.5,exp,7.498942093324559e+21,3120664628.4697666,271010340135.68832,1.0,2.1039371268271676,2.1887808943501206,0.0,-0.08484376752295303,0.13853952338706113,0.6766813546917723,0.18477912192116666,ceiling
0.5,exp,1e+22,3474479885.2232375,329240872352.1052,1.0,2.0836656729095684,2.1664524489750936,0.0,-0.08278677606552524,0.12621226820325468,0.6863644730284447,0.18742325876830065,ceiling
0.5,exp,1.3335214321633241e+22,3872902719.29483,399064204033.1329,1.0,2.06446276036653,2.1452209919432264,0.0,-0.08075823157669645,0.1147177449605919,0.6953934764134437,0.1898887786259644,ceiling
0.5,exp,1.7782794100389228e+22,4321740228.267719,482642986097.21246,1.0,2.0462606569158237,2.1250203502656153,0.0,-0.07875969334979167,0.10404323021819534,0.703778359170877,0.19217841061092752,ceiling
0.5,exp,2.371373705661655e+22,4827539458.63617,582531025785.94,1.0,2.0289969872495863,2.1057896127312294,0.0,-0.07679262548164294,0.09416876806233877,0.71153479676712,0.19429643517054154,ceiling
0.5,exp,3.1622776601683792e+22,5397681451.52257,701744638886.3113,1.0,2.0126142702394456,2.087472637530221,0.0,-0.07485836729077534,0.08506813887322466,0.7186833848398424,0.19624847628693295,ceiling
0.5,exp,4.2169650342858225e+22,6040480657.801792,843848009328.3042,1.0,1.9970594902314356,2.0700176211877213,0.0,-0.07295813095628575,0.07671001331895713,0.7252487327301866,0.19804125395085628,ceiling
0.5,exp,5.623413251903491e+22,6765316075.957104,1013051964707.2941,1.0,1.9822837011270642,2.053376650065988,0.0,-0.07109294893892357,0.069058883249176,0.7312587322613303,0.19968238448949394,ceiling
0.5,exp,7.498942093324558e+22,7582720226.263243,1214339021401.7239,1.0,1.9682416619489267,2.037505435983042,0.0,-0.06926377403411531,0.062076579502861176,0.7367433654931441,0.20118005500399458,ceiling
0.5,exp,1.0000000000000001e+23,8504561452.62519,1453600883222.0588,1.0,1.9548915025414588,2.0223628702014875,0.0,-0.06747136766002872,0.055722809632671434,0.741734282337135,0.20254290803019367,ceiling
0.5,exp,1.3335214321633241e+23,9544208672.552687,1737806101900.419,1.0,1.9421944179806445,2.0079107333608848,0.0,-0.06571631538024036,0.04995617125614723,0.746264004564191,0.20377982417966178,ceiling
0.5,exp,1.7782794100389228e+23,10716700344.146284,2075201854833.589,1.0,1.9301143901776672,1.9941134530150668,0.0,-0.06399906283739976,0.04473507552188669,0.7503652004174538,0.20489972406065943,ceiling
0.5,exp,2.371373705661655e+23,12038929883.884108,2475555100416.3984,1.0,1.9186179350784656,1.980937875709683,0.0,-0.06231994063121742,0.04001846489843704,0.7540701207856851,0.20591141431587776,ceiling
0.5,exp,3.162277660168379e+23,13529931089.130302,2950423718434.5186,1.0,1.9076738737932653,1.9683529704863678,0.0,-0.06067909669310266,0.03576615205966762,0.7574103330071734,0.20682351493315884,ceiling
0.5,exp,4.2169650342858225e+23,15211072198.781347,3513502566956.8345,1.0,1.897253125947333,1.9563297145787721,0.0,-0.05907658863143903,0.03193949926148254,0.7604161872160538,0.20764431352246374,ceiling
0.5,exp,5.623413251903491e+23,17106391861.398851,4181010708981.618,1.0,1.8873285235285269,1.9448408598158804,0.0,-0.05751233628735344,0.028501591278048802,0.7631166805000664,0.20838172822188483,ceiling
0.5,exp,7.498942093324558e+23,19242900578.486465,4972166444753.052,1.0,1.8778746435206,1.9338608016421786,0.0,-0.055986158121578575,0.02541753827962209,0.7655392189885667,0.20904324273181127,ceiling
0.5,exp,1e+24,21650937031.833206,5909748100303.581,1.0,1.8688676576506402,1.923365440246656,0.0,-0.054497782596015835,0.022654620822760714,0.7677095039620125,0.2096358752152269,ceiling
0.5,pow,1e+19,141687412.6108883,9239880044.01503,0.5,3.071389035748726,3.043339217341793,0.20004187081500177,-0.17199205240806847,0.0,0.7855048177628822,0.21449518223711772,floor
0.5,pow,1.3335214321633241e+19,167872011.21829572,10008627286.251986,0.5189361980172181,3.0164572641071374,2.9900790517596993,0.19183259289976506,-0.16545438055232692,0.037600901155037274,0.7559691287533746,0.20642997009158814,interior
0.5,pow,1.7782794100389229e+19,218594915.63863108,9137567174.411598,0.5858259033652932,2.9611492765186003,2.9511358035712285,0.1657804209504571,-0.15576694800308538,0.14202815505017605,0.6739410177129953,0.18403082723682865,interior
0.5,pow,2.3713737056616554e+19,279138992.48460114,8650956505.995506,0.6552101827803946,2.905114493186313,2.9140972107859393,0.13831992376037539,-0.14730264136000198,0.22216580338720765,0.6109925088600694,0.16684168775272296,interior
0.5,pow,3.162277660168379e+19,354998008.39481854,8256391955.680096,0.7314183568119705,2.8486714031052043,2.880144886801491,0.10795496567823998,-0.13942844937452664,0.2920238690062249,0.5561186617567359,0.15185746923703933,interior
0.5,pow,4.216965034285823e+19,453664056.1063338,7814634876.084012,0.8184416390896829,2.7918441654504047,2.8505313003421855,0.07314207960879629,-0.1318292145005772,0.3578367322294394,0.5044223406241312,0.1377409271464294,interior
0.5,pow,5.6234132519034905e+19,587228641.871399,7228975950.249116,0.9215396286756371,2.734440109585537,2.8270098322411323,0.031710016106337086,-0.12427973876193273,0.42338437420076436,0.45293435206265886,0.12368127373657672,interior
0.5,pow,7.498942093324558e+19,721852778.0739377,7350966937.713859,1.0,2.676376763697686,2.7949304668285158,0.0,-0.11855370313082991,0.45950024805775447,0.4245651591502766,0.11593459279196884,ceiling
0.5,pow,1e+20,784249651.550103,9365126342.84803,1.0,2.621106156607523,2.737434879087709,0.0,-0.11632872248018616,0.43899029732100137,0.44067582426607543,0.120333878412923,ceiling
0.5,pow,1.333521432163324e+20,853109133.2223461,11902308703.579666,1.0,2.5694402161078647,2.6835530128615557,0.0,-0.11411279675369096,0.4183815175547663,0.45686412006066734,0.12475436238456626,ceiling
0.5,pow,1.778279410038923e+20,929217883.397304,15089041291.011644,1.0,2.521110555211376,2.633016497196249,0.0,-0.11190594198487304,0.3977433504112211,0.47307549978171787,0.1291811498070611,ceiling
0.5,pow,2.3713737056616553e+20,1013468496.1229299,19079701570.847023,1.0,2.475869563322064,2.5855778579001067,0.0,-0.1097082945780429,0.37714891119782895,0.48925253100296207,0.13359855779920887,ceiling
0.5,pow,3.1622776601683794e+20,1106874194.199136,24061923785.57623,1.0,2.433488834991943,2.541008954084469,0.0,-0.10752011909252594,0.35667414397407127,0.5053355592997975,0.13799029672613136,ceiling
0.5,pow,4.216965034285823e+20,1210584298.7064052,30262923633.904465,1.0,2.393757720345093,2.499099558455428,0.0,-0.10534183811033519,0.33639703763384865,0.5212633240203326,0.14233963834581884,ceiling
0.5,pow,5.6234132519034906e+20,1325904307.8854516,37956828479.060455,1.0,2.3564819870720677,2.45965598938042,0.0,-0.10317400230835236,0.31639615572511975,0.5369741131191456,0.14662973115573472,ceiling
0.5,pow,7.498942093324558e+20,1454315936.20505,47473236137.312645,1.0,2.3214825845712097,2.4224998999200986,0.0,-0.10101731534888891,0.2967495836402664,0.5524065901443237,0.15084382621540998,ceiling
0.5,pow,1e+21,1597500441.1413472,59207166181.91975,1.0,2.2885945014525837,2.3874671362335187,0.0,-0.09887263478093511,0.2775335914777488,0.5675008445660751,0.15496556395617622,ceiling
0.5,pow,1.333521432163324e+21,1757367344.0968506,73630572219.06908,1.0,2.2576657082384086,2.3544066448308825,0.0,-0.0967409365924738,0.2588209675167895,0.5821997008403937,0.15897933164281686,ceiling
0.5,pow,1.7782794100389228e+21,1936078987.161953,91305978338.00029,1.0,2.2285561777034997,2.323179556452933,0.0,-0.09462337874943341,0.24068027276433931,0.5964493039660091,0.1628704232696516,ceiling
0.5,pow,2.3713737056616553e+21,2136088098.629051,112902152592.61462,1.0,2.2011369759100456,2.2936582005270894,0.0,-0.09252122461704392,0.22317395145874608,0.6102006036928576,0.16662544484839634,ceiling
0.5,pow,3.1622776601683794e+21,2360173674.1367283,139212631829.05368,1.0,2.175289417610578,2.2657252660984306,0.0,-0.09043584848785273,0.20635734170918527,0.6234101316695759,0.17023252662123886,ceiling
0.5,pow,4.2169650342858226e+21,2611483536.529363,171177409166.24744,1.0,2.150904280322224,2.23927299007047,0.0,-0.08836870974824643,0.19027762832818385,0.6360408239985987,0.1736815476732174,ceiling
0.5,pow,5.623413251903491e+21,2893575516.203625,209908843437.24588,1.0,2.1278810720118306,2.214202444447718,0.0,-0.0863213724358875,0.17497339418884605,0.64806237364722,0.17696423216393423,ceiling
0.5,pow,7.498942093324559e+21,3210476846.9146895,256721594493.4382,1.0,2.1061273479655407,2.19042276658047,0.0,-0.08429541861492938,0.16047363204194148,0.6594520066700292,0.1800743612880293,ceiling
0.5,pow,1e+22,3566735653.467924,313168873758.5996,1.0,2.0855580730342176,2.1678505456312105,0.0,-0.08229247259699309,0.14679790957434358,0.6701943525547156,0.18300773787094102,ceiling
0.5,pow,1.3335214321633241e+22,3967492144.262568,381084605184.96423,1.0,2.0660950260302373,2.1464091610678597,0.0,-0.0803141350376224,0.133956158762789,0.680281609685702,0.18576223155150906,ceiling
0.5,pow,1.7782794100389228e+22,4418542318.045545,462634652642.73596,1.0,2.047666243582957,2.1260282475637546,0.0,-0.07836200398079762,0.12194933608410609,0.6897130267458321,0.18833763717006188,ceiling
0.5,pow,2.371373705661655e+22,4926430140.406883,560376024310.659,1.0,2.0302055012222895,2.1066430973724066,0.0,-0.07643759615011729,0.11076966096422584,0.6984947154135219,0.19073562362225238,ceiling
0.5,pow,3.1622776601683792e+22,5498532030.203524,677328736099.6377,1.0,2.0136518298391155,2.0881941884725173,0.0,-0.07454235863340171,0.10040163425427975,0.7066388503448787,0.19295951540084155,ceiling
0.5,pow,4.2169650342858225e+22,6143154619.026918,817061211725.7737,1.0,1.9979490659599426,2.070626722657379,0.0,-0.07267765669743652,0.09082300656574453,0.7141629085417802,0.19501408489247543,ceiling
0.5,pow,5.623413251903491e+22,6869681073.000549,983787171923.0604,1.0,1.9830454344708677,2.0538901060602637,0.0,-0.07084467158939597,0.08200539711052501,0.7210891832500065,0.19690541963946848,ceiling
0.5,pow,7.498942093324558e+22,7688622950.347457,1182494839456.539,1.0,1.968893162538631,2.0379377486337678,0.0,-0.06904458609513679,0.07391635367989799,0.7274431658358572,0.19864048048424474,ceiling
0.5,pow,1.0000000000000001e+23,8611918980.953234,1419068092865.6777,1.0,1.9554481235159207,2.0227263465554604,0.0,-0.06727822303953972,0.06651881685307864,0.7332539666529022,0.20022721649401914,ceiling
0.5,pow,1.3335214321633241e+23,9652863392.59913,1700487876753.2031,1.0,1.942669509602837,2.0082160430200005,0.0,-0.06554653341716345,0.059774344303934523,0.7385517823335244,0.20167387336254106,ceiling
0.5,pow,1.7782794100389228e+23,10826533323.443571,2034996401019.6104,1.0,1.930519531977994,1.994369639816835,0.0,-0.06385010783884094,0.05364199560501369,0.7433687717807287,0.20298923261425766,ceiling
0.5,pow,2.371373705661655e+23,12149827165.59657,2432359281315.4355,1.0,1.9189631470405597,1.9811526376339266,0.0,-0.06218949059336696,0.04808050331309899,0.7477373507699788,0.20418214591692221,ceiling
0.5,pow,3.162277660168379e+23,13641795418.324429,2904129845071.33,1.0,1.9079678073214734,1.96853283461871,0.0,-0.06056502729723662,0.0430484293654562,0.7516900690991913,0.20526150153535253,ceiling
0.5,pow,4.2169650342858225e+23,15323770241.581835,3464007946667.0005,1.0,1.8975032355521515,1.9564802530285514,0.0,-0.05897701747639992,0.03850526887935537,0.7552587435488934,0.20623598757175118,ceiling
0.5,pow,5.623413251903491e+23,17219846836.110607,4128197525976.834,1.0,1.8875412203249975,1.9449667418360659,0.0,-0.05742552151106844,0.03441135309852293,0.7584745341182528,0.20711411278322422,ceiling
0.5,pow,7.498942093324558e+23,19357009640.700733,4915918056865.489,1.0,1.8780554317513143,1.9339659964282405,0.0,-0.055910564676926136,0.030728822285572555,0.7613671798133858,0.20790399790104183,ceiling
0.5,pow,1e+24,21765638456.065037,5849932177176.705,1.0,1.8690212555182426,1.9234532734451817,0.0,-0.05443201792693898,0.027421557080515805,0.7639650525655773,0.20861339035390705,ceiling
0.5,log,1e+19,258847648.7465926,3135333385.401392,1.0,3.0011767830124314,3.151041949348108,0.0,-0.1498651663356765,0.3800875642042223,0.4869442049087067,0.13296823088707088,ceiling
0.5,log,1.3335214321633241e+19,282787435.04601765,3954320318.400317,1.0,2.930923106031442,3.0777892695670945,0.0,-0.14686616353565266,0.3594775555844905,0.5031334659736407,0.13738897844186884,ceiling
0.5,log,1.7782794100389229e+19,309383169.81146985,4973562604.335704,1.0,2.8650625945507437,3.008942769640587,0.0,-0.14388017508984327,0.3390529462094273,0.5191770950386778,0.14176995875189494,ceiling
0.5,log,2.3713737056616554e+19,338974061.88176036,6238009388.613211,1.0,2.8032725597663237,2.9441804985617237,0.0,-0.14090793879539998,0.318893713329022,0.5350122695886401,0.14609401708233796,ceiling
0.5,log,3.162277660168379e+19,371946031.8737764,7801650987.616727,1.0,2.7452555328874206,2.8832059031004422,0.0,-0.13795037021302156,0.29907936612387287,0.5505765347791112,0.15034409909701596,ceiling
0.5,log,4.216965034285823e+19,408737399.7460283,9729127208.338663,1.0,2.690737369938679,2.8257459944822263,0.0,-0.13500862454354715,0.2796879884237842,0.5658085553855904,0.15450345619062525,ceiling
0.5,log,5.6234132519034905e+19,449846308.24809027,12097582592.599766,1.0,2.639465498327865,2.7715495539507264,0.0,-0.13208405562286124,0.26079456079602986,0.580649433811246,0.15855600539272424,ceiling
0.5,log,7.498942093324558e+19,495838818.14943266,14998823605.888412,1.0,2.5912072925492087,2.7203854940745735,0.0,-0.12917820152536463,0.2424695079872013,0.59504385107834,0.1624866409344587,ceiling
0.5,log,1e+20,547357436.1597652,18541844682.75324,1.0,2.545748567386646,2.672041365799528,0.0,-0.12629279841288213,0.22477751852913247,0.6089409940334632,0.1662814874374044,ceiling
0.5,log,1.333521432163324e+20,605131245.471609,22855772304.269302,1.0,2.5028921779927966,2.626321926122702,0.0,-0.12342974812990526,0.20777621683056235,0.6222955984259303,0.16992818474350738,ceiling
0.5,log,1.778279410038923e+20,669987625.9023681,28093302902.377216,1.0,2.4624567172539895,2.583047788343526,0.0,-0.12059107108953648,0.19151497378360788,0.6350688831821262,0.17341614303426595,ceiling
0.5,log,2.3713737056616553e+20,742863782.5755733,34434796261.24996,1.0,2.424275301905464,2.54205422776253,0.0,-0.11777892585706617,0.17603436230030348,0.6472289780841771,0.17673665961551932,ceiling
0.5,log,3.1622776601683794e+20,824821900.1996853,42093035171.62684,1.0,2.38819443992038,2.503189966815637,0.0,-0.114995526895257,0.16136530969332447,0.6587515895789765,0.17988310072769917,ceiling
0.5,log,4.216965034285823e+20,917064244.5490516,51318913935.54982,1.0,2.3540729727385856,2.466316111097536,0.0,-0.11224313835895022,0.14752899719951537,0.6696200797029361,0.1828509230975484,ceiling
0.5,log,5.6234132519034906e+20,1020951480.7526381,62408121845.41036,1.0,2.3217810868964075,2.4313051039418,0.0,-0.10952401704539269,0.13453678536350683,0.6798255246935169,0.18563768994297633,ceiling
0.5,log,7.498942093324558e+20,1138021625.6817453,75709142379.26352,1.0,2.2911993905342265,2.398039791279653,0.0,-0.1068404007454266,0.12239065532863612,0.6893663683530822,0.18824297631828169,ceiling
0.5,log,1e+21,1270013813.9438968,91632612659.04434,1.0,2.2622180510625864,2.3664124874556016,0.0,-0.10419443639301523,0.11108361461467467,0.6982481033085403,0.19066828207678538,ceiling
0.5,log,1.333521432163324e+21,1418892474.802854,110662557629.42671,1.0,2.2347359909344306,2.3363241637115184,0.0,-0.10158817277708797,0.1006006152972631,0.7064825497769718,0.19291683492576514,ceiling
0.5,log,1.7782794100389228e+21,1586875764.0388649,133369654300.07292,1.0,2.2086601389848326,2.3076836642988092,0.0,-0.09902352531397675,0.09091948332157825,0.7140871255852704,0.19499339109315117,ceiling
0.5,log,2.3713737056616553e+21,1776469126.6587589,160426823984.02408,1.0,2.1839047351560574,2.2804069635544253,0.0,-0.09650222839836806,0.08201190865668155,0.7210840683991294,0.19690402294418893,ceiling
0.5,log,3.1622776601683794e+21,1990498349.6525638,192628074022.7308,1.0,2.1603906866332823,2.254416545401944,0.0,-0.09402585876866176,0.07384473154185535,0.7274994253703483,0.19865584308779644,ceiling
0.5,log,4.2169650342858226e+21,2232151097.4020624,230910512719.35214,1.0,2.1380449734937548,2.2296407719587927,0.0,-0.09159579846503807,0.06638097685990514,0.7333622406316204,0.20025678250847448,ceiling
0.5,log,5.623413251903491e+21,2505024821.7446175,276380257484.71875,1.0,2.1168001019465623,2.206013307321017,0.0,-0.08921320537445461,0.05958088511626456,0.7387037454574797,0.20171536942625581,ceiling
0.5,log,7.498942093324559e+21,2813174877.9545927,330343663894.24335,1.0,2.0965936031425563,2.1834726471613357,0.0,-0.08687904401877948,0.05340303196824094,0.7435564788686839,0.2030404891630753,ceiling
0.5,log,1e+22,3161174378.0597067,394343754390.0274,1.0,2.0773675753962295,2.161961641746998,0.0,-0.08459406635076841,0.0478051736900269,0.7479536235153746,0.20424120279459834,ceiling
0.5,log,1.3335214321633241e+22,3554175907.184475,470203965420.7157,1.0,2.0590682675119987,2.1414271056472973,0.0,-0.0823588381352985,0.04274508853747886,0.7519283447809917,0.2053265666815295,ceiling
0.5,log,1.7782794100389228e+22,3997988569.7785587,560079050743.0007,1.0,2.0416457007703905,2.1218194210161503,0.0,-0.08017372024575993,0.03818117260634287,0.7555133227327637,0.20630550466089337,ceiling
0.5,log,2.371373705661655e+22,4499155851.167363,666516425221.1467,1.0,2.0250533270225137,2.1030922306774977,0.0,-0.07803890365498399,0.034073032692374494,0.75874028642723,0.20718668088039563,ceiling
0.5,log,3.1622776601683792e+22,5065049111.97414,792528093857.7671,1.0,2.0092477202746117,2.085202131683444,0.0,-0.0759544114088321,0.03038187690305158,0.7616397070828563,0.207978416014092,ceiling
0.5,log,4.2169650342858225e+22,5703980652.789379,941674492074.1206,1.0,1.9941882991233477,2.06810838287338,0.0,-0.07392008375003235,0.027070778169337267,0.7642405910902775,0.20868863074038513,ceiling
0.5,log,5.623413251903491e+22,6425301046.989483,1118168399770.4885,1.0,1.979837077426749,2.0517727376990496,0.0,-0.07193566027230047,0.024105000687701585,0.7665702235905152,0.20932477572178335,ceiling
0.5,log,7.498942093324558e+22,7239525066.458002,1326996023394.8909,1.0,1.9661584406609725,2.0361592241564113,0.0,-0.0700007834954388,0.021452087266844923,0.7686540998637058,0.20989381286944922,ceiling
0.5,log,1.0000000000000001e+23,8158527892.457768,1574050305863.254,1.0,1.9531189455145062,2.0212338439286284,0.0,-0.06811489841412231,0.019081764940090496,0.7705159994710223,0.21040223558888713,ceiling
0.5,log,1.3335214321633241e+23,9195670498.982347,1866305285365.7095,1.0,1.9406871403988164,2.006964524375201,0.0,-0.06627738397638462,0.01696612332682964,0.7721778461508986,0.21085603052227203,ceiling
0.5,log,1.7782794100389228e+23,10365868891.680798,2212040003280.676,1.0,1.9288334047025832,1.9933211234589827,0.0,-0.06448771875639957,0.015079707242281677,0.7736596350736163,0.21126065768410218,ceiling
0.5,log,2.371373705661655e+23,11686108149.615793,2621013728272.472,1.0,1.9175298047824891,1.980274801321261,0.0,-0.06274499653877183,0.013398902573325041,0.7749799152388,0.211621182187875,ceiling
0.5,log,3.162277660168379e+23,13175371137.11151,3104806862346.046,1.0,1.906749964838958,1.9677984105526358,0.0,-0.06104844571367766,0.011902399502379849,0.7761554256108244,0.2119421748867958,ceiling
0.5,log,4.2169650342858225e+23,14854993592.900162,3677137217715.754,1.0,1.896468951008081,1.9558661980980032,0.0,-0.05939724708992213,0.010570846588373132,0.777201366839883,0.21222778657174404,ceiling
0.5,log,5.623413251903491e+23,16749018394.18579,4354240403772.599,1.0,1.8866631671521277,1.944453654798053,0.0,-0.057790487645925405,0.009386687009657942,0.7781315298939638,0.21248178309637836,ceiling
0.5,log,7.498942093324558e+23,18884379556.09321,5155374857199.932,1.0,1.877310260994621,1.9335375581944856,0.0,-0.056227297199864607,0.0083341283153974,0.7789583198192837,0.21270755186531906,ceiling
0.5,log,1e+24,21291512662.05645,6103315884265.272,1.0,1.8683890393906342,1.9230957046381818,0.0,-0.0547066652475476,0.007398876555905208,0.7796929645821858,0.21290815886190892,ceiling
0.7,exp,1e+19,145548022.5332417,8994795487.327684,0.7,2.9913279538782485,3.0421083917207388,0.12015824483972264,-0.17093868268221324,0.0,0.7855048177628823,0.21449518223711772,floor
0.7,exp,1.3335214321633241e+19,164722160.96556237,10598528489.975943,0.7,2.9370998287799766,2.983923876479567,0.11934807514697053,-0.16617212284656094,0.0,0.7855048177628823,0.21449518223711772,floor
0.7,exp,1.7782794100389229e+19,186396582.5563606,12489920011.379915,0.7,2.8852522768611872,2.928253142422312,0.11854269489555251,-0.1615435604566771,0.0,0.7855048177628823,0.21449518223711775,floor
0.7,exp,2.3713737056616554e+19,210893364.70533717,14720910993.0673,0.7,2.8356806570235245,2.874987547277963,0.11774206816955414,-0.15704895842399264,0.0,0.7855048177628824,0.21449518223711778,floor
0.7,exp,3.162277660168379e+19,266743574.94421437,14154104674.934898,0.7430770688552678,2.787476923713916,2.8353176847526442,0.10099884821500925,-0.14883960925373732,0.08803374691952186,0.7163538854318796,0.19561236764859857,interior
0.7,exp,4.216965034285823e+19,338954932.93760294,13506846238.880524,0.7978992410489898,2.7384059755820003,2.7997145091658133,0.07960122242852642,-0.14090975601233946,0.17072549838546489,0.6513991162661303,0.1778753853484047,interior
0.7,exp,5.6234132519034905e+19,416948881.69326264,13684948482.93714,0.8449469549895348,2.689400226900203,2.762758954151966,0.06103760702288452,-0.13439633427464764,0.22495239689046015,0.6088036262381178,0.166243976871422,interior
0.7,exp,7.498942093324558e+19,504810273.01698136,14278720526.751425,0.8882017929813247,2.6409973737107957,2.7257142513209236,0.04393305611942865,-0.12864993372955646,0.26579071058328385,0.5767249340830931,0.15748435533362326,interior
0.7,exp,1e+20,605496607.2368988,15159255544.084665,0.9292281073196494,2.5934796514759126,2.6891498654211135,0.027742510088566912,-0.12341272403376778,0.29888059811101936,0.5507326680108248,0.15038673387815588,interior
0.7,exp,1.333521432163324e+20,721929689.0683181,16274877397.766582,0.9688334585773225,2.547009387675538,2.653378673310334,0.012181531084681499,-0.11855081671947787,0.32700006030277123,0.5286446949863024,0.1443552447109263,interior
0.7,exp,1.778279410038923e+20,843891632.2522281,18120918722.57411,1.0,2.501713144175139,2.6161095830255743,0.0,-0.11439643885043534,0.34314533239718215,0.5159625059720501,0.14089216163076781,ceiling
0.7,exp,2.3713737056616553e+20,923968390.5799701,22746848637.432495,1.0,2.45868886902535,2.57073978679526,0.0,-0.11205091776991015,0.32301234532961937,0.5317770643095784,0.14521059036080222,ceiling
0.7,exp,3.1622776601683794e+20,1013113544.144329,28473619562.3486,1.0,2.4183014083109993,2.5280184855069048,0.0,-0.10971707719590536,0.3032079341771258,0.5473335246828192,0.14945854114005516,ceiling
0.7,exp,4.216965034285823e+20,1112493276.8582864,35540934556.158905,1.0,2.3803591491574516,2.4877549206693983,0.0,-0.10739577151194685,0.28380936818240604,0.5625711917293625,0.15361944008823128,ceiling
0.7,exp,5.6234132519034906e+20,1223430168.3861766,44235397600.775505,1.0,2.3446855386092627,2.4497735815711494,0.0,-0.10508804296188691,0.2648913755462992,0.5774313660874273,0.1576772583662735,ceiling
0.7,exp,7.498942093324558e+20,1347426368.7073698,54898669726.91307,1.0,2.3111179486428606,2.413913008043062,0.0,-0.10279505940020162,0.2465242830135457,0.591858805760202,0.16161691122625246,ceiling
0.7,exp,1e+21,1486184010.6820352,67937124539.32154,1.0,2.279506623580971,2.3800247855687617,0.0,-0.10051816198779075,0.22877314609266422,0.6058024093323228,0.16542444457501296,ceiling
0.7,exp,1.333521432163324e+21,1641634321.9089336,83832975268.23215,1.0,2.2497137025093212,2.3479724958983246,0.0,-0.09825879338900334,0.21169605411357703,0.6192165473552758,0.1690873985311473,ceiling
0.7,exp,1.7782794100389228e+21,1815965562.7489703,103157457135.65636,1.0,2.2216123100035636,2.3176308174994857,0.0,-0.0960185074959221,0.19534329610984827,0.6320617175509152,0.17259498633923662,ceiling
0.7,exp,2.3713737056616553e+21,2011653387.3991616,126586430147.96124,1.0,2.1950857091933518,2.288884681374941,0.0,-0.0937989721815892,0.17975667900523848,0.6443050803792115,0.17593824061555005,ceiling
0.7,exp,3.1622776601683794e+21,2231500718.589741,154918535514.91754,1.0,2.170026511911537,2.261628410348196,0.0,-0.09160189843665872,0.16496859142325843,0.6559211944203563,0.1791102141563853,ceiling
0.7,exp,4.2169650342858226e+21,2478675336.430264,189097006307.709,1.0,2.1463359413867886,2.235764990763913,0.0,-0.08942904937712456,0.15100194340859077,0.6668920637238762,0.18210599286753312,ceiling
0.7,exp,5.623413251903491e+21,2756759644.5653853,230235091459.71628,1.0,2.123923143617394,2.2112053161829257,0.0,-0.08728217256553161,0.1378698810988489,0.6772073619353407,0.18492275696581037,ceiling
0.7,exp,7.498942093324559e+21,3069798850.2272873,279646654566.1574,1.0,2.102704544191987,2.1878675461519848,0.0,-0.08516300195999742,0.12557625049384796,0.6868640680033662,0.18755968150278585,ceiling
0.7,exp,1e+22,3422359833.9892097,338882213510.2079,1.0,2.0826032478784913,2.1656764654238865,0.0,-0.0830732175453953,0.11411603105854742,0.6958661255824146,0.190017843359038,ceiling
0.7,exp,1.3335214321633241e+22,3819594293.5910816,409771954562.01385,1.0,2.063548478768147,2.1445629061188445,0.0,-0.08101442735069773,0.10347611496506011,0.7042238309344416,0.19230005410049822,ceiling
0.7,exp,1.7782794100389228e+22,4267312451.5915346,494476582101.86554,1.0,2.0454750591260615,2.124463194476734,0.0,-0.07898813535067237,0.09363616366569312,0.7119531600866467,0.1944106762476603,ceiling
0.7,exp,2.371373705661655e+22,4772063453.210054,595547897177.6599,1.0,2.028322925359404,2.105318651655835,0.0,-0.07699572629643095,0.08456965889635965,0.7190749432632283,0.19635539784041223,ceiling
0.7,exp,3.1622776601683792e+22,5341232161.71581,715999947149.0132,1.0,2.0120366796736304,2.087075110597702,0.0,-0.07503843092407188,0.07624491307492791,0.7256140712126143,0.1981410157124579,ceiling
0.7,exp,4.2169650342858225e+22,5983138224.1508,859394456637.4574,1.0,1.996565176057591,2.0696825106735157,0.0,-0.07311733461592462,0.06862627581510027,0.7315985474849968,0.1997751766999031,ceiling
0.7,exp,5.623413251903491e+22,6707137882.943166,1029943755440.625,1.0,1.9818611392371699,2.053094541856275,0.0,-0.07123340261910528,0.061675317259769664,0.7370585589182791,0.20126612382195141,ceiling
0.7,exp,7.498942093324558e+22,7523787648.882076,1232625997977.434,1.0,1.9678808151846396,2.03726819781277,0.0,-0.06938738262813006,0.05535147607160968,0.742025966638346,0.20262255729004436,ceiling
0.7,exp,1.0000000000000001e+23,8444934859.10196,1473335246060.9143,1.0,1.9545836516875896,2.0221635907427307,0.0,-0.06757993905514104,0.04961345387755956,0.7465332107162027,0.20385333540623773,ceiling
0.7,exp,1.3335214321633241e+23,9483959326.70028,1759038012492.6594,1.0,1.9419320073883528,2.0077434940737193,0.0,-0.0658114866853666,0.044419442956546956,0.7506131313181711,0.20496742572528193,ceiling
0.7,exp,1.7782794100389228e+23,10655880142.911222,2097985071439.7456,1.0,1.9298908876148804,1.993973243712367,0.0,-0.06408235609748666,0.03972832700842513,0.754298025496105,0.20597364749546976,ceiling
0.7,exp,2.371373705661655e+23,11977616361.441591,2499939350621.5674,1.0,1.918427705255093,1.9808204052363871,0.0,-0.06239269998129411,0.035499918502874615,0.7576194607486847,0.2068806207484408,ceiling
0.7,exp,3.162277660168379e+23,13468183743.72968,2976463045055.865,1.0,1.9075120648804311,1.968254623528429,0.0,-0.060742558647997956,0.03169555626989301,0.7606078056112069,0.2076966381189002,ceiling
0.7,exp,4.2169650342858225e+23,15148920129.732344,3541259559133.2373,1.0,1.8971155683091245,1.9562474581798357,0.0,-0.059131889870711093,0.02827845273622231,0.7632919568996998,0.20842959036407802,ceiling
0.7,exp,5.623413251903491e+23,17043893382.034555,4210544125026.131,1.0,1.8872116398145975,1.9447721021253614,0.0,-0.05756046231076405,0.02521367243361247,0.7656993565927845,0.20908697097360304,ceiling
0.7,exp,7.498942093324558e+23,19180084110.108253,5003545103979.88,1.0,1.8777753692261046,1.9338033765766216,0.0,-0.05602800735051699,0.022468583946030997,0.7678556368249653,0.20967577922900388,ceiling
0.7,exp,1e+24,21587832798.973793,5943044476338.417,1.0,1.8687833712356245,1.923317517767101,0.0,-0.05453414653147647,0.020012754314228262,0.7697847028323511,0.21020254285342066,ceiling
0.7,pow,1e+19,145548072.1833398,8994792418.977333,0.7,2.991327953878242,3.042108376704989,0.12015824652989633,-0.17093866935664337,0.0,0.7855048177628823,0.21449518223711775,floor
0.7,pow,1.3335214321633241e+19,164722127.90018645,10598530617.463812,0.7,2.9370998287799743,2.9839238850901824,0.11934807415909797,-0.1661721304693058,0.0,0.7855048177628823,0.21449518223711772,floor
0.7,pow,1.7782794100389229e+19,186396616.45355403,12489917740.023048,0.7,2.885252276861187,2.9282531348199163,0.11854269578447642,-0.16154355374320598,0.0,0.7855048177628823,0.21449518223711775,floor
0.7,pow,2.3713737056616554e+19,210893366.4467647,14720910871.511084,0.7,2.835680657023525,2.87498754694152,0.11774206820964432,-0.15704895812763967,0.0,0.7855048177628824,0.21449518223711775,floor
0.7,pow,3.162277660168379e+19,238575159.7848592,17352912595.805504,0.7,2.788284905096084,2.824023195458592,0.11694615301821858,-0.15268444338072681,0.0,0.7855048177628824,0.2144951822371177,floor
0.7,pow,4.216965034285823e+19,269850362.72714543,20458538065.893795,0.7,2.7429693343880848,2.7752606896202154,0.11615490649531918,-0.14844626172744987,0.0,0.7855048177628823,0.21449518223711772,floor
0.7,pow,5.6234132519034905e+19,305178685.49470514,24123671429.200928,0.7,2.6996424449090237,2.7286049407111346,0.11536828404260334,-0.14433077984471426,0.0,0.7855048177628823,0.21449518223711775,floor
0.7,pow,7.498942093324558e+19,514834753.32490134,13706561903.98766,0.8603146816526491,2.6564340878473285,2.7295227983209056,0.054984426577574574,-0.1280731370511518,0.2812153649105636,0.5646087937966876,0.15417584129274883,interior
0.7,pow,1e+20,733437628.1113057,10636272478.749714,1.0,2.6049602039847377,2.723083343883594,0.0,-0.11812313989885631,0.40412517283009536,0.4680625475255849,0.12781227964431974,ceiling
0.7,pow,1.333521432163324e+20,799667213.7160662,13459474824.202736,1.0,2.555072619121806,2.670884949011458,0.0,-0.11581232988965212,0.3834904588792164,0.4842712147471593,0.13223832637362432,ceiling
0.7,pow,1.778279410038923e+20,873068118.3856215,16987209174.114876,1.0,2.508349066670456,2.621860383127428,0.0,-0.11351131645697185,0.36295140624519046,0.5004047395434722,0.13664385421133748,ceiling
0.7,pow,2.3713737056616553e+20,954539622.6654844,21381727306.80209,1.0,2.4645561701210235,2.5757766616306577,0.0,-0.1112204915096341,0.3425857034183787,0.51640209723106,0.14101219935056145,ceiling
0.7,pow,3.1622776601683794e+20,1045104262.1899867,26838938692.092953,1.0,2.423478727394693,2.5324190894122824,0.0,-0.10894036201758908,0.32247183365668597,0.5322016388327248,0.14532652751058936,ceiling
0.7,pow,4.216965034285823e+20,1145920912.7787576,33594616702.27266,1.0,2.384918342652658,2.4915899876882905,0.0,-0.10667164503563244,0.302688651962945,0.5477414233638367,0.14956992467321834,ceiling
0.7,pow,5.6234132519034906e+20,1258306528.030522,41931510040.49654,1.0,2.3486921618519343,2.453107344388587,0.0,-0.10441518253665294,0.28331329258958193,0.5629608614975006,0.15372584591291752,ceiling
0.7,pow,7.498942093324558e+20,1383755246.5704982,52187697150.99111,1.0,2.314631703012602,2.416803685811236,0.0,-0.1021719827986343,0.2644201713488398,0.5778014992546818,0.15777832939647846,ceiling
0.7,pow,1e+21,1523964107.0201228,64766220931.876205,1.0,2.2825817728197806,2.3825249463101468,0.0,-0.09994317349036613,0.24607925643066364,0.5922083762850883,0.1617123672842481,ceiling
0.7,pow,1.333521432163324e+21,1680854760.2871058,80146536411.1564,1.0,2.2523994618417844,2.350129528684002,0.0,-0.0977300668422172,0.22835535878878385,0.6061305832723212,0.16551405793889512,ceiling
0.7,pow,1.7782794100389228e+21,1856606191.3784103,98897688539.21237,1.0,2.2239532113111578,2.3194872936534567,0.0,-0.09553408234229921,0.211306370350716,0.619522645828407,0.169170983820877,ceiling
0.7,pow,2.3713737056616553e+21,2053688906.580883,121693798181.14412,1.0,2.1971219450927095,2.2904786663608707,0.0,-0.0933567212681611,0.19498216796675077,0.632345385447148,0.1726724465861012,ceiling
0.7,pow,3.1622776601683794e+21,2274896680.989039,149332597573.4725,1.0,2.171794261149517,2.2629938651286006,0.0,-0.09119960397908351,0.1794242205949105,0.64456622806223,0.1760095513428596,ceiling
0.7,pow,4.2169650342858226e+21,2523391386.2773833,182756932490.90463,1.0,2.1478676775069276,2.2369320746158166,0.0,-0.08906439710888886,0.1646646247605873,0.6561599616983238,0.17917541354108896,ceiling
0.7,pow,5.623413251903491e+21,2802748250.9385986,223080391994.85565,1.0,2.1252479283918797,2.212200726179209,0.0,-0.08695279778732935,0.15072588682639476,0.6671089074991663,0.182165205674439,ceiling
0.7,pow,7.498942093324559e+21,3117007697.7422953,271617626457.17184,1.0,2.1038483068721447,2.1887148114432486,0.0,-0.08486650457110385,0.13762090157259713,0.6774029365527359,0.18497616187466706,ceiling
0.7,pow,1e+22,3470729793.415305,329920607580.7542,1.0,2.083589050917394,2.16639626001722,0.0,-0.08280720909982572,0.12535333485030756,0.6870391693153217,0.18760749583437056,ceiling
0.7,pow,1.3335214321633241e+22,3869062896.9793773,399821134524.0558,1.0,2.064396770331281,2.145173310614964,0.0,-0.08077654028368343,0.11391795917068503,0.6960217120045938,0.1900603288247211,ceiling
0.7,pow,1.7782794100389228e+22,4317816157.273628,483481574496.86774,1.0,2.0462039124450992,2.124979957244526,0.0,-0.07877604479942663,0.10330144025345496,0.7043610387619489,0.1923375209845962,ceiling
0.7,pow,2.371373705661655e+22,4823535460.54968,583455722131.4385,1.0,2.028948264808132,2.1057554529465716,0.0,-0.07680718813843973,0.0934833683508295,0.7120731815426037,0.19444345010656697,ceiling
0.7,pow,3.1622776601683792e+22,5393606567.776977,702759221503.695,1.0,2.0125724933546536,2.0874437812105944,0.0,-0.07487128785594056,0.08443704029332814,0.7191791158148344,0.19638384389183747,ceiling
0.7,pow,4.2169650342858225e+22,6036337048.773651,844956905259.0978,1.0,1.997023714677039,2.0699932874702163,0.0,-0.07296957279317716,0.07613090778391175,0.7257036229179579,0.1981654692981304,ceiling
0.7,pow,5.623413251903491e+22,6761105093.359647,1014259688067.2223,1.0,1.9822531010996307,2.0533561662920827,0.0,-0.07110306519245198,0.06852919236385419,0.7316748070036756,0.19979600063247033,ceiling
0.7,pow,7.498942093324558e+22,7578452059.052272,1215648791869.4448,1.0,1.9682155172459876,2.037488203881197,0.0,-0.0692726866352094,0.06159345581318185,0.7371228614789627,0.2012836827078554,ceiling
0.7,pow,1.0000000000000001e+23,8500237611.196758,1455017092370.5813,1.0,1.9548691867411718,2.0223483960021205,0.0,-0.06747920926094857,0.05528337442462023,0.7420794608101537,0.202637164765226,ceiling
0.7,pow,1.3335214321633241e+23,9539853061.493334,1739329341936.4812,1.0,1.9421753876122358,2.007898558440885,0.0,-0.06572317082864913,0.049557372497319334,0.7465772629105684,0.20386536459211252,ceiling
0.7,pow,1.7782794100389228e+23,10712285964.97917,2076841463560.9214,1.0,1.930098174861122,1.9941032636245386,0.0,-0.06400508876341678,0.04437412420260214,0.7506487294177298,0.2049771463796681,ceiling
0.7,pow,2.371373705661655e+23,12034490179.965372,2477309665415.286,1.0,1.9186041286008138,1.9809293224240663,0.0,-0.06232519382325259,0.0396923439408683,0.7543262903690289,0.20598136569010284,ceiling
0.7,pow,3.162277660168379e+23,13525462360.206152,2952298618497.469,1.0,1.9076621260799305,1.968345803636882,0.0,-0.06068367755695146,0.03547208628221425,0.7576413230921023,0.20688659062568343,ceiling
0.7,pow,4.2169650342858225e+23,15206551181.562042,3515507974790.2925,1.0,1.8972431358788946,1.9563237378209126,0.0,-0.05908060194201812,0.03167484776756718,0.7606240722395525,0.20770107999288046,ceiling
0.7,pow,5.623413251903491e+23,17101858407.789877,4183143068817.8037,1.0,1.887320032547853,1.944835852482709,0.0,-0.05751581993485596,0.028263709917803522,0.763303537454595,0.20843275262760144,ceiling
0.7,pow,7.498942093324558e+23,19238330174.107536,4974437095230.427,1.0,1.8778674299715887,1.933856627297173,0.0,-0.055989197325584134,0.025204053462624845,0.7657069123408372,0.20908903419653796,ceiling
0.7,pow,1e+24,21646367516.935318,5912153196613.976,1.0,1.8688615317876185,1.9233619432001146,0.0,-0.054500411412495994,0.0224632260705348,0.7678598454619804,0.20967692846748479,ceiling
0.7,log,1e+19,217868878.04083875,4345790933.668319,1.0,2.950315845653617,3.10620126503082,0.0,-0.155885419377203,0.2767866674975556,0.5680875569510194,0.15512577555142504,ceiling
0.7,log,1.3335214321633241e+19,239897514.83266637,5400313795.566447,1.0,2.8860654558865324,3.038557158183594,0.0,-0.15249170229706174,0.25792612490961525,0.5829026040194686,0.15917127107091622,ceiling
0.7,log,1.7782794100389229e+19,264557273.4059373,6691042052.094027,1.0,2.8255807066432563,2.974700511111232,0.0,-0.1491198044679754,0.2396459515339857,0.5972617682755663,0.163092280190448,ceiling
0.7,log,2.3713737056616554e+19,292195992.8870607,8266032407.516993,1.0,2.7685941239393728,2.914365910752906,0.0,-0.14577178681353323,0.22201046215834977,0.6111145301437345,0.16687500769791577,ceiling
0.7,log,3.162277660168379e+19,323208923.84769404,10182152286.125437,1.0,2.714859536356959,2.8573094044423994,0.0,-0.14244986808544063,0.20507651350015316,0.6244162283984973,0.17050725810134965,ceiling
0.7,log,4.216965034285823e+19,358044369.0022113,12506593141.632015,1.0,2.6641504461129126,2.80330690245226,0.0,-0.1391564563393475,0.18889278033621215,0.6371286287681618,0.1739785908956261,ceiling
0.7,log,5.6234132519034905e+19,397210786.02384335,15318635131.825705,1.0,2.6162585106405785,2.7521525927566604,0.0,-0.1358940821160817,0.17349877360416652,0.649220695220858,0.17728053117497564,ceiling
0.7,log,7.498942093324558e+19,441284725.10599226,18711724804.387753,1.0,2.5709921253937043,2.7036574697263855,0.0,-0.13266534433268118,0.1589242457259396,0.6606690570858246,0.18040669718823585,ceiling
0.7,log,1e+20,490918873.14634466,22795960152.45891,1.0,2.5281750999049524,2.65764801438279,0.0,-0.12947291447783774,0.1451891712995998,0.6714580242200463,0.183352804480354,ceiling
0.7,log,1.333521432163324e+20,546852899.2010075,27700967530.48011,1.0,2.487645420391433,2.61396483697934,0.0,-0.12631941658790685,0.13230348238744116,0.6815797949407407,0.18611672267181828,ceiling
0.7,log,1.778279410038923e+20,609923209.9055758,33579400833.50148,1.0,2.449254093353979,2.572461556407293,0.0,-0.12320746305331386,0.12026777596125159,0.6910339003236922,0.18869832371505624,ceiling
0.7,log,2.3713737056616553e+20,681075844.5891343,40611018649.53184,1.0,2.4128640656245794,2.5330036360706174,0.0,-0.12013957044603793,0.10907374390287729,0.6998268664357374,0.19109938966138537,ceiling
0.7,log,3.1622776601683794e+20,761380752.9043983,49007515369.59246,1.0,2.378349217145201,2.4954673254931055,0.0,-0.11711810834790427,0.09870497027427172,0.7079715880752997,0.19332344165042856,ceiling
0.7,log,4.216965034285823e+20,852046490.5389249,59018322880.79762,1.0,2.3455934233916134,2.4597387274689564,0.0,-0.11414530407734319,0.0891380648069871,0.7154864384109338,0.19537549678207902,ceiling
0.7,log,5.6234132519034906e+20,954439367.7401739,70937334132.27519,1.0,2.314489684784486,2.4257128459563377,0.0,-0.11122316117185159,0.08034358393411183,0.7223945455063009,0.19726187055958722,ceiling
0.7,log,7.498942093324558e+20,1070101769.4018016,85111059478.3984,1.0,2.2849393206688537,2.3932928120784456,0.0,-0.10835349140959179,0.07228735497097659,0.7287227521698445,0.1989898928591789,ceiling
0.7,log,1e+21,1200774592.9921665,101948187936.62701,1.0,2.2568512255180666,2.362389111869428,0.0,-0.10553788635136105,0.06493156165838498,0.7345007632553533,0.20056767508626178,ceiling
0.7,log,1.333521432163324e+21,1348423280.4413512,121930834989.26418,1.0,2.23014118496556,2.332918872025576,0.0,-0.10277768706001626,0.058235778449751904,0.7397603332244302,0.20200388832581775,ceiling
0.7,log,1.7782794100389228e+21,1515268928.2117345,145627660743.5524,1.0,2.2047312491272413,2.304805194547909,0.0,-0.10007394542066762,0.05215791360575154,0.7445345253411042,0.20330756105314424,ceiling
0.7,log,2.3713737056616553e+21,1703812928.0955927,173710313169.6592,1.0,2.1805491604905196,2.2779767138436084,0.0,-0.09742755335308889,0.04665540250410449,0.7488567743212418,0.20448782317465375,ceiling
0.7,log,3.1622776601683794e+21,1916878684.8348515,206971685147.53302,1.0,2.157527833448312,2.2523669728615134,0.0,-0.09483913941320152,0.04168571672331459,0.75276048644482,0.2055537968318655,ceiling
0.7,log,4.2169650342858226e+21,2157655277.007019,246347671351.95474,1.0,2.1356048823793947,2.2279139459854562,0.0,-0.0923090636060614,0.037207012368637694,0.7562785302927543,0.2065144573386081,ceiling
0.7,log,5.623413251903491e+21,2429732699.82876,292944425443.5067,1.0,2.114722195039382,2.20455974384223,0.0,-0.08983754880284829,0.033178868816472765,0.7594426564596203,0.207378474723907,ceiling
0.7,log,7.498942093324559e+21,2737163747.940071,348068247214.5311,1.0,2.0948255479443225,2.18225012566108,0.0,-0.0874245777167574,0.029562471780660196,0.7622833537541943,0.20815417446514534,ceiling
0.7,log,1e+22,3084518076.0613446,413262582576.89294,1.0,2.075864260405351,2.1609342198851884,0.0,-0.08506995947983728,0.026321002270658648,0.7648295436709323,0.20884945405840927,ceiling
0.7,log,1.3335214321633241e+22,3476941634.7461295,490352153730.57574,1.0,2.0577908839076544,2.1405642614230946,0.0,-0.08277337751544002,0.02341986700044071,0.7671083994026703,0.20947173359688917,ceiling
0.7,log,1.7782794100389228e+22,3920241233.402335,581492835013.4819,1.0,2.040560923614394,2.1210952557245473,0.0,-0.08053433211015329,0.020826711694838202,0.7691453353884283,0.2100279529167335,ceiling
0.7,log,2.371373705661655e+22,4420955774.865905,689233887434.5958,1.0,2.024132588907999,2.1024848148423088,0.0,-0.07835222593430947,0.018511557460795754,0.7709639001931329,0.21052454234607149,ceiling
0.7,log,3.1622776601683792e+22,4986451917.593907,816589597745.5164,1.0,2.008466570047417,2.0846929232772338,0.0,-0.07622635322981684,0.016446753393615468,0.7725858137356392,0.21096743287074524,ceiling
0.7,log,4.2169650342858225e+22,5625030633.105564,967124132353.3712,1.0,1.9935258382106797,2.067681743389447,0.0,-0.07415590517876755,0.014606916865501904,0.7740310141923686,0.2113620689421295,ceiling
0.7,log,5.623413251903491e+22,6346052984.943116,1145050847316.6396,1.0,1.9792754663979735,2.0514154317814386,0.0,-0.07213996538346518,0.012968839326364412,0.7753177319912303,0.21171342868240528,ceiling
0.7,log,7.498942093324558e+22,7160014863.874111,1355361993439.3433,1.0,1.9656824688830739,2.035860137545093,0.0,-0.07017766866201923,0.011511492646709082,0.7764624848292503,0.21202602252404062,ceiling
0.7,log,1.0000000000000001e+23,8078792595.493914,1603953248850.518,1.0,1.952715657114127,2.020983604719402,0.0,-0.06826794760527477,0.01021569793272287,0.7774803378199184,0.21230396424735903,ceiling
0.7,log,1.3335214321633241e+23,9115720723.262827,1897807328580.719,1.0,1.9403455101711828,2.006755285356416,0.0,-0.06640977518523304,0.009064178649910288,0.7783848617643144,0.21255095958577544,ceiling
0.7,log,1.7782794100389228e+23,10285797145.807102,2245190582046.688,1.0,1.9285440580870814,1.9931461568143964,0.0,-0.06460209872731502,0.008041360810777352,0.779188290104647,0.2127703490845756,ceiling
0.7,log,2.371373705661655e+23,11605920984.385012,2655883222278.2993,1.0,1.9172847765229413,1.9801285787155376,0.0,-0.06284380219259632,0.007133214976031418,0.7799016430330714,0.21296514199089736,ceiling
0.7,log,3.162277660168379e+23,13095085708.320862,3141468256000.202,1.0,1.906542491462066,1.9676762688246885,0.0,-0.06113377736262264,0.006327162854260137,0.7805348008580906,0.21313803628764927,ceiling
0.7,log,4.2169650342858225e+23,14774631917.285057,3715667404980.867,1.0,1.8962932927429517,1.9557642150004961,0.0,-0.05947092225754446,0.005611941949203655,0.7810966103247772,0.21329144772601916,ceiling
0.7,log,5.623413251903491e+23,16668605569.055138,4394720428257.569,1.0,1.8865144553944613,1.944368535776793,0.0,-0.05785408038233176,0.004977457835337788,0.7815950006530128,0.21342754151164936,ceiling
0.7,log,7.498942093324558e+23,18803970160.41787,5197883213660.814,1.0,1.87718436786401,1.933466520671634,0.0,-0.056282152807623845,0.004414716856614207,0.782037036402953,0.21354824674043305,ceiling
0.7,log,1e+24,21211062918.13021,6147963386886.106,1.0,1.8682824663431539,1.92303647938718,0.0,-0.054754013044026,0.0039156837586680525,0.7824290293056126,0.2136552869357193,ceiling
