N,D,Q,L_total,L_classic,L_quality,L_recipe,s_train,s_attn,s_quality,regime_Q,beyond_B1,C_FLOPs,g_type,dominant,eN,eD,shift_event
186068643.84854305,5652373469.253561,0.6675117551232451,3.0547716900512025,3.0806339172249304,0.13574635311144223,-0.16160858028517025,0.6310376795696968,0.1723153557011652,0.19664696472913812,interior,False,1e+19,exp,train,,,False
220257328.53331187,6145681887.901656,0.7052715501727392,2.992426260769164,3.0280082079610438,0.11991554733942247,-0.15549749453130224,0.6090482426437639,0.16631077345792378,0.2246409838983124,interior,False,1.3335214321633241e+19,exp,train,0.5860574009652934,0.29071381869869084,False
259632713.8029539,6734639487.106491,0.7420368979834987,2.931742487704311,2.9769423865973583,0.10456158963068801,-0.14976148852373553,0.5899633263426427,0.1610993189799643,0.248937354677393,interior,False,1.7782794100389229e+19,exp,train,0.571432363092587,0.31795420644058575,False
305145345.4513166,7420980015.831846,0.7781074837109554,2.8727866748332738,2.927539353746992,0.08958170449129946,-0.1443343834050177,0.572953348966943,0.1564544611579066,0.2705921898751504,interior,False,2.3713737056616554e+19,exp,train,0.5611786959664326,0.33717527729363833,False
357892114.9196014,8209412081.327571,0.8136925848623843,2.8155882305521014,2.87985531409776,0.07490289914458481,-0.13916998269024322,0.5574622157390966,0.15222434904448928,0.2903134352164142,interior,False,3.162277660168379e+19,exp,train,0.553963042445363,0.3508063526495557,False
419158953.5776798,9106414850.601263,0.8489496519381662,2.7601511307369164,2.833916140877548,0.060469056481597484,-0.13423406662222906,0.5430970314320448,0.14830169604971039,0.3086012725182448,interior,False,4.216965034285823e+19,exp,train,0.5490129388877579,0.3602829994855546,False
490453965.90297496,10119917025.729454,0.8839960390411606,2.706461426831467,2.789724860070096,0.04623751749256551,-0.12950095073119422,0.5295737536128597,0.14460893965321825,0.3258173067339219,interior,False,5.6234132519034905e+19,exp,train,0.5457560255384365,0.36663616486835676,False
573565767.5505453,11258667839.609776,0.9189266374763944,2.654492385742338,2.7472696241241135,0.0321729059543623,-0.12495014433613788,0.5166797967492666,0.14108802983233307,0.34223217341840045,interior,False,7.498942093324558e+19,exp,train,0.5438797801557257,0.37048043837869543,False
670608601.277383,12532233930.530111,0.9538165396199759,2.604208125803867,2.706527174793031,0.018246494656989666,-0.12056554364615338,0.5042534320220255,0.1376948038374811,0.3580517641404934,interior,False,1e+20,exp,train,0.5430871698588752,0.37233189176239145,False
784097528.9518459,13950558362.028606,0.9887303245592033,2.55556625296201,2.6674672690523646,0.004432863540707142,-0.11633387963106172,0.4921674931652134,0.1343945368003143,0.37343797003447216,interior,False,1.333521432163324e+20,exp,train,0.5432077262076698,0.3725047788173469,False
875303296.3239268,16904842356.245737,1.0,2.5088574502601513,2.622302460744311,0.0,-0.11344501048415964,0.4992532946642291,0.13632943299631217,0.36441727233945875,ceiling,False,1.778279410038923e+20,exp,train,0.3823078303269721,0.6673562788493093,True
956883870.5085218,21282251864.733723,1.0,2.4650061338734988,2.576164299040596,0.0,-0.11115816516709738,0.5152619383990726,0.14070085997884013,0.3440372016220872,ceiling,False,2.3713737056616553e+20,exp,train,0.309605360557278,0.8000516269964927,False
1047558650.9598696,26719473771.86796,1.0,2.4238761947582876,2.5327581748499615,0.0,-0.10888198009167363,0.5310770066406866,0.14501942794668352,0.32390356541263005,ceiling,False,3.1622776601683794e+20,exp,train,0.31455290912934025,0.7904825768712097,False
1148487252.6895576,33451947148.007965,1.0,2.385268730168101,2.491885856767422,0.0,-0.10661712659932095,0.546636757451396,0.14926827723472785,0.30409496531387614,ceiling,False,4.216965034285823e+20,exp,train,0.3195826522248767,0.7807480104294287,False
1260985292.0129607,41762125261.220634,1.0,2.3490004152272888,2.453364866464237,0.0,-0.10436445123694822,0.5618803743414367,0.15343080088683494,0.2846888247717283,ceiling,False,5.6234132519034906e+20,exp,train,0.3246707345057739,0.7708895176722451,False
1386548853.674302,51987725574.31393,1.0,2.3149023305438003,2.4170272338799075,0.0,-0.10212490333610734,0.5767495233577025,0.15749106984487662,0.26575940679742094,ceiling,False,7.498942093324558e+20,exp,train,0.3298012406170131,0.7609458089052791,False
1526871580.201956,64531581457.04181,1.0,2.282818876450703,2.3827185270926683,0.0,-0.09989965064196546,0.591188626513468,0.1614339076132777,0.24737746587325427,ceiling,False,1e+21,exp,train,0.3349386839369641,0.7509719247291583,False
1683874992.5319307,79872898264.55147,1.0,2.252606766135749,2.3502967471272216,0.0,-0.0976899809914726,0.6051465213447852,0.16524534342854935,0.2296081352266655,ceiling,False,1.333521432163324e+21,exp,train,0.34005868485377094,0.7410170811269843,False
1859739027.432052,98580459032.95728,1.0,2.2241340905819116,2.319631372051315,0.0,-0.09549728146940348,0.6185774607886094,0.16891288529267626,0.21250965391871435,ceiling,False,1.7782794100389228e+21,exp,train,0.3451372624604296,0.7311311406061314,False
2056932055.992262,121328282619.94188,1.0,2.1972794489152174,2.2906025121583906,0.0,-0.09332306324317324,0.6314416826591601,0.172425675478128,0.1961326418627119,ceiling,False,2.3713737056616553e+21,exp,train,0.3501435312935161,0.7213697135716136,False
2278249840.8395467,148913864228.69116,1.0,2.1719311384407365,2.263100050482856,0.0,-0.09116891204211931,0.6437062597338522,0.17577472265799057,0.18051901760815758,ceiling,False,3.1622776601683794e+21,exp,train,0.35505121734622547,0.7117846654720901,False
2526847957.694195,182280298904.05676,1.0,2.147986399334426,2.237022939621209,0.0,-0.08903654028678282,0.6553451554880279,0.17895291712526415,0.16570192738670805,ceiling,False,4.2169650342858226e+21,exp,train,0.35982209825067674,0.7024367888282721,False
2806305554.4267473,222540948753.65744,1.0,2.1253507096349225,2.212278306657931,0.0,-0.08692759702300835,0.6663403942757273,0.18195535033022525,0.15170425539404744,ceiling,False,5.623413251903491e+21,exp,train,0.36444675970788054,0.6933616253178451,False
3120650344.0830393,271011408790.4665,1.0,2.1039371268276827,2.1887809831004383,0.0,-0.08484385627275555,0.6766809255763603,0.18477900474405146,0.1385400696795884,ceiling,False,7.498942093324559e+21,exp,train,0.3688812371774126,0.684621108459421,False
3474452811.1303983,329243114099.9227,1.0,2.083665672910977,2.166452596397345,0.0,-0.08278692348636779,0.6863637979978818,0.18742307443995493,0.12621312756216344,ceiling,True,1e+22,exp,train,0.37313045691260277,0.6762330156659807,False
3872897846.6218905,399064648516.6799,1.0,2.0644627603665633,2.1452210151625817,0.0,-0.0807582547960186,0.6953933760461137,0.18988875121899215,0.11471787273489405,ceiling,True,1.3335214321633241e+22,exp,train,0.37719699495901543,0.6682124511221651,False
4321734724.1175995,482643536835.363,1.0,2.0462606569158446,2.125020373188438,0.0,-0.07875971627259327,0.7037782659137907,0.19217838514552582,0.10404334894068346,ceiling,True,1.7782794100389228e+22,exp,train,0.38097650883522327,0.6606659016913415,False
4827540476.355051,582530914544.0731,1.0,2.028996987249589,2.1057896090316452,0.0,-0.07679262178205642,0.7115348108926561,0.19429643902775465,0.0941687500795892,ceiling,True,2.371373705661655e+22,exp,train,0.38454254567082774,0.6535398655171659,False
5397672726.16227,701745676760.2721,1.0,2.012614270239493,2.0874726651836744,0.0,-0.07485839494418127,0.7186832860115488,0.1962484493002203,0.08506826468823106,ceiling,True,3.1622776601683792e+22,exp,train,0.3878449992687055,0.6468861417514139,False
6040484280.253688,843847542095.5887,1.0,1.997059490231431,2.070017611189181,0.0,-0.07295812095775017,0.7252487660935575,0.1980412630612808,0.07670997084516157,ceiling,True,4.2169650342858225e+22,exp,train,0.39092167803353767,0.6406739518803852,False
6765314356.741983,1013052204367.6326,1.0,1.982283701127061,2.053376654194562,0.0,-0.07109295306750119,0.7312587194281926,0.19968238098519178,0.06905889958661565,ceiling,True,5.623413251903491e+22,exp,train,0.39372978279813425,0.6349426892251844,False
7582708413.218287,1214340795774.1924,1.0,1.9682416619489236,2.0375054606420195,0.0,-0.06926379869309592,0.7367432942437018,0.2011800355481468,0.06207667020815161,ceiling,True,7.498942093324558e+22,exp,train,0.3962909965229891,0.6296700758831093,False
8504551685.967445,1453602459523.2126,1.0,1.9548915025414721,2.0223628879085256,0.0,-0.06747138536705342,0.7417342348718737,0.202542895069013,0.0557228700591132,ceiling,True,1.0000000000000001e+23,exp,train,0.39861655216000047,0.6248405100150874,False
9544207134.494478,1737806367959.368,1.0,1.942194417980646,2.0079107357810115,0.0,-0.0657163178003655,0.7462639985564037,0.2037798225391353,0.04995617890446104,ceiling,True,1.3335214321633241e+23,exp,train,0.40070744967209326,0.6204458813498894,False
10716678170.366465,2075205956531.583,1.0,1.9301143901777262,1.994113483276214,0.0,-0.06399909309848771,0.7503651309629583,0.2048997050949518,0.04473516394208982,ceiling,True,1.7782794100389228e+23,exp,train,0.40256266102359445,0.6164785680603238,False
12038927509.258936,2475555569167.9746,1.0,1.918617935078469,1.9809378785187786,0.0,-0.06231994344030962,0.7540701148334591,0.2059114126905232,0.04001847247601772,ceiling,True,2.371373705661655e+23,exp,train,0.40422088550100377,0.6128917931118008,False
13529922068.935904,2950425615085.217,1.0,1.9076738737932766,1.9683529797310473,0.0,-0.06067910593777079,0.7574103149469119,0.20682351000150342,0.03576617505158462,ceiling,True,3.162277660168379e+23,exp,train,0.40565996554283995,0.6096959232727371,False
15211061342.771818,3513504994424.555,1.0,1.8972531259473462,1.9563297242139182,0.0,-0.05907659826657207,0.7604161698823988,0.2076443087892204,0.03193952132838074,ceiling,True,4.2169650342858225e+23,exp,train,0.40691378111887677,0.6068472428874957,False
17106372455.216845,4181015316908.0425,1.0,1.8873285235285506,1.944840874725804,0.0,-0.05751235119725322,0.7631166558259155,0.20838172148419667,0.028501622689887884,ceiling,True,5.623413251903491e+23,exp,train,0.407987247148334,0.6043294667648478,False
19242844809.424683,4972180488670.857,1.0,1.8778746435207012,1.9338608387219591,0.0,-0.0559861952012579,0.7655391625955977,0.20904322733277125,0.025417610071631142,ceiling,True,7.498942093324558e+23,exp,train,0.40889082968411605,0.6021210116001361,False
21650840192.732635,5909773934382.525,1.0,1.868867657650869,1.9233654959508104,0.0,-0.054497838299941585,0.7677094261709573,0.20963585397308274,0.02265471985596024,ceiling,True,1e+24,exp,train,0.40964381679516404,0.6001918654959506,False
258847513.5433881,3135334400.61394,1.0,3.0011767830124505,3.1510419672366847,0.0,-0.14986518422423428,0.48694410823558043,0.1329682044888625,0.380087687275557,ceiling,False,1e+19,log,train,,,False
282787402.0620059,3954320613.826919,1.0,2.9309231060314427,3.077789273481781,0.0,-0.14686616745033818,0.5031334448777248,0.1373889726812774,0.35947758244099787,ceiling,False,1.3335214321633241e+19,log,train,0.30732848437262966,0.8063040896198714,False
309382521.4973082,4973569492.820198,1.0,2.865062594551011,3.008942838541306,0.0,-0.14388024399029484,0.5191767261694116,0.141769858025994,0.3390534158045944,ceiling,False,1.7782794100389229e+19,log,train,0.31228573257175346,0.796770493905017,False
338974039.8963936,6238009664.180827,1.0,2.8032725597663246,2.9441805006502246,0.0,-0.14090794088389982,0.5350122585229892,0.14609401406067754,0.3188937274163334,ceiling,False,2.3713737056616554e+19,log,train,0.31736531713496685,0.7870228222548183,False
371946023.3751918,7801651112.562635,1.0,2.7452555328874206,2.8832059038207554,0.0,-0.1379503709333346,0.5505765310166605,0.15034409806961607,0.2990793709137235,ceiling,False,3.162277660168379e+19,log,train,0.3225078442574567,0.7771238531673225,False
408737388.63662416,9729127398.81496,1.0,2.690737369938679,2.825745995320797,0.0,-0.13500862538211772,0.5658085510843898,0.15450345501611068,0.27968799389949967,ceiling,False,4.216965034285823e+19,log,train,0.327715568879643,0.7670989235064515,False
449846274.1288984,12097583270.863115,1.0,2.6394654983278656,2.771549556240101,0.0,-0.1320840579122351,0.5806494223258192,0.15855600225643707,0.2607945754177438,ceiling,False,5.6234132519034905e+19,log,train,0.33295809444411645,0.7569978385754844,False
495838761.8367749,14998824896.283958,1.0,2.591207292549209,2.7203854974272104,0.0,-0.12917820487800133,0.5950438346923894,0.1624866364600018,0.24246952884760883,ceiling,False,7.498942093324558e+19,log,train,0.33821077318956233,0.7468689186478289,False
547357262.9197799,18541849232.17834,1.0,2.5457485673866485,2.6720413749340883,0.0,-0.12629280754743966,0.6089409507117817,0.16628147560769715,0.22477757368052126,ceiling,False,1e+20,log,train,0.343443285797805,0.7367664834074241,False
605132789.1617521,22855726113.685387,1.0,2.502892177993067,2.626321854167895,0.0,-0.1234296761748281,0.6222959282651078,0.16992827481159214,0.2077757969232999,ceiling,False,1.333521432163324e+20,log,train,0.34863840564420273,0.7267358218135748,False
669983965.1151216,28093427005.98564,1.0,2.462456717255286,2.583047938920923,0.0,-0.12059122166563703,0.635068218623659,0.1734159615655005,0.19151581981084065,ceiling,False,1.778279410038923e+20,log,train,0.3537097832496009,0.7168775772805202,False
742863616.5845021,34434802601.14752,1.0,2.424275301905467,2.5420542337766925,0.0,-0.11777893187122536,0.6472289526257817,0.17673665266368016,0.17603439471053806,ceiling,False,2.3713737056616553e+20,log,train,0.35875743654824543,0.7071430193604025,False
824821713.4164296,42093043165.56722,1.0,2.388194439920383,2.5031899727666476,0.0,-0.11499553284626443,0.658751565507114,0.17988309415447595,0.16136534033841007,ceiling,False,3.1622776601683794e+20,log,train,0.36360797519299565,0.6977018159193553,False
917064194.0643128,51318916343.88786,1.0,2.354072972738586,2.4663161125095923,0.0,-0.11224313977100614,0.6696200742645977,0.18285092161251953,0.14752900412288278,ceiling,False,4.216965034285823e+20,log,train,0.3683172153946285,0.6885372198353992,False
1020951169.4765247,62408138313.01884,1.0,2.321781086896407,2.431305111572807,0.0,-0.10952402467639992,0.6798254968079601,0.18563768232836036,0.13453682086367957,ceiling,False,5.6234132519034906e+20,log,train,0.3728418704184049,0.6797100017490953,False
1138021066.3374534,75709175036.42609,1.0,2.291199390534229,2.3980398032800654,0.0,-0.10684041274583601,0.6893663268837315,0.18824296499438428,0.12239070812188409,ceiling,False,7.498942093324558e+20,log,train,0.37716264460560917,0.6712582921774353,False
1270013932.3807328,91632605062.96838,1.0,2.2622180510625873,2.366412485235083,0.0,-0.10419443417249576,0.6982481105418668,0.19066828405196573,0.11108360540616746,ceiling,False,1e+21,log,train,0.38126547025728635,0.66321215646146,False
1418891321.4406395,110662638533.39815,1.0,2.2347359909344418,2.336324182582374,0.0,-0.1015881916479321,0.7064824920048088,0.19291681915011313,0.10060068884507802,ceiling,False,1.333521432163324e+21,log,train,0.3851251766069834,0.6556078993185319,False
1586876116.6210847,133369627361.36458,1.0,2.2086601389848326,2.307683659270899,0.0,-0.09902352028606633,0.7140871400105938,0.19499339503222615,0.09091946495718002,ceiling,False,1.7782794100389228e+21,log,train,0.38875113146367246,0.6484473347301088,False
1776467540.1204617,160426955508.71344,1.0,2.1839047351560756,2.280406983249726,0.0,-0.09650224809365006,0.7210840155842769,0.1969040085222132,0.0820119758935098,ceiling,False,2.3713737056616553e+21,log,train,0.39211402072686696,0.6417632323470926,False
1990498168.5955966,192628090250.42596,1.0,2.1603906866332814,2.2544165473564286,0.0,-0.09402586072314738,0.7274994204837615,0.19865584175343245,0.07384473776280626,ceiling,False,3.1622776601683794e+21,log,train,0.39523604746503493,0.635538217584942,False
2232147593.075365,230910851169.75266,1.0,2.138044973493815,2.229640804820453,0.0,-0.09159583132663751,0.7333621642051471,0.2002567616389522,0.06638107415590064,ceiling,False,4.2169650342858226e+21,log,train,0.3980890008400506,0.6297977853488358,False
2505023935.435459,276380349445.3223,1.0,2.116800101946567,2.206013314534325,0.0,-0.08921321258775751,0.7387037298852572,0.2017153651740009,0.05958090494074192,ceiling,False,5.623413251903491e+21,log,train,0.4007117796201868,0.624502555586385,False
2813175039.3858743,330343645950.12885,1.0,2.0965936031425554,2.183472646022036,0.0,-0.0868790428794805,0.7435564811472981,0.20304048978528885,0.05340302906741303,ceiling,True,7.498942093324559e+21,log,train,0.4030790037976416,0.6196703689154652,False
3161170431.035093,394344223227.8951,1.0,2.077367575396264,2.1619616658845913,0.0,-0.08459409048832715,0.7479535788705144,0.20424119060357512,0.04780523052591044,ceiling,True,1e+22,log,train,0.40520924489197047,0.6152762039013727,False
3554162327.072985,470205685228.4431,1.0,2.0590682675122944,2.1414271775605878,0.0,-0.08235891004829331,0.7519282219724194,0.20532653314660199,0.04274524488097867,ceiling,True,1.3335214321633241e+22,log,train,0.4071147856492064,0.6112991411689329,False
3997961762.8279686,560082662772.339,1.0,2.0416457007712236,2.121819543865925,0.0,-0.08017384309470137,0.755513129313353,0.2063054518444996,0.03818141884214734,ceiling,True,1.7782794100389228e+22,log,train,0.4088110155986662,0.6077140283512011,False
4499090729.05523,666525743992.5824,1.0,2.025053327026336,2.1030924888147124,0.0,-0.07803916178837644,0.7587399122240737,0.20718657869798707,0.03407350907793945,ceiling,True,2.371373705661655e+22,log,train,0.4102889210958308,0.604518391501574,False
5065052869.575746,792527523769.4381,1.0,2.009247720274611,2.0852021188065346,0.0,-0.07595439853192376,0.7616397242497192,0.20797842070179,0.030381855048490752,ceiling,True,3.1622776601683792e+22,log,train,0.41167385327244677,0.6015794038292845,False
5703978188.882601,941674887830.993,1.0,1.9941882991233488,2.068108390170317,0.0,-0.07392009104696809,0.7642405821535762,0.20868862830006987,0.027070789546354054,ceiling,True,4.2169650342858225e+22,log,train,0.4127509859183304,0.5990930815357909,False
6425291313.040792,1118170052898.6387,1.0,1.9798370774267326,2.0517727626031954,0.0,-0.07193568517646279,0.766570195597137,0.20932476807772493,0.02410503632513795,ceiling,True,5.623413251903491e+22,log,train,0.41371973228035774,0.5968549415774352,False
7239514715.323319,1326997880045.5977,1.0,1.9661584406609955,2.036159247028895,0.0,-0.07000080636789967,0.7686540762872243,0.20989380643149805,0.021452117281277737,ceiling,True,7.498942093324558e+22,log,train,0.4145330600440954,0.5948989788526236,False
8158530854.258055,1574049745337.9414,1.0,1.9531189455145141,2.0212338382777353,0.0,-0.06811489276322115,0.7705160048085976,0.21040223704640107,0.01908175814500128,ceiling,True,1.0000000000000001e+23,log,train,0.41522004074068647,0.5931857949693574,False
9195631964.983973,1866312973370.2832,1.0,1.9406871403985961,2.0069645878435747,0.0,-0.0662774474449786,0.772177791252153,0.2108560155312546,0.016966193216592453,ceiling,True,1.3335214321633241e+23,log,train,0.4157569676323937,0.591728172592067,False
10365852783.339722,2212043388913.308,1.0,1.928833404702614,1.993321146360004,0.0,-0.06448774165738981,0.7736596169439997,0.2112606527335082,0.015079730322492184,ceiling,True,1.7782794100389228e+23,log,train,0.4161876432202134,0.5904733307199186,False
11686102217.968643,2621015040824.4624,1.0,1.9175298047825022,1.9802748085993465,0.0,-0.06274500381684421,0.7749799099681365,0.21162118074863245,0.01339890928323123,ceiling,True,2.371373705661655e+23,log,train,0.4165171527062153,0.5894069746722872,False
13175349302.649279,3104811946454.282,1.0,1.9067499648390036,1.9677984336726064,0.0,-0.0610484688336028,0.776155410301234,0.21194217070625698,0.011902418992509196,ceiling,True,3.162277660168379e+23,log,train,0.4167396578286753,0.588526300845074,False
14854940249.556211,3677150282548.3794,1.0,1.8964689510082933,1.9558662468405998,0.0,-0.059397295832306594,0.7772013373378028,0.21222777851570937,0.010570884146487831,ceiling,True,4.2169650342858225e+23,log,train,0.41687017054322645,0.5878086300971875,False
16748917035.529396,4354266506786.372,1.0,1.8866631671525556,1.944453734719532,0.0,-0.05779056756697647,0.7781314856922164,0.21248177102635454,0.009386743281429267,ceiling,True,5.623413251903491e+23,log,train,0.4169265762689899,0.5872290188792658,False
18884228938.88262,5155415632853.504,1.0,1.87731026099562,1.9335376606787473,0.0,-0.056227399683127205,0.7789582680407534,0.21270753772632844,0.008334194232918129,ceiling,True,7.498942093324558e+23,log,train,0.4169002042848211,0.5867894177895786,False
21291090514.30272,6103436001997.168,1.0,1.868389039394732,1.9230959525187052,0.0,-0.05470691312397326,0.7796928502006537,0.2129081276281252,0.007399022171221099,ceiling,True,1e+24,log,train,0.4167891951315206,0.5864856878586338,False
